OpenGov Record #,CASE #,PARCEL #,Auditor Listed Address,PROJECT NAME,LOCATION,APPLICATION TYPE,ZONING,P&Z APPROVAL,COUNCIL APPROVAL
,,,,Mill Run Joint Venture,Southwest corner of Mill Run PUD,PUD modification,PUD (Mill Run),12/14/1989,1/8/1990 (90-C-02)
,,,,Discover Card,3311 Mill Meadow Dr,Lot split,PUD (Mill Run),05/19/1990,n/a
,92-,,,Heritage Lakes PUD,,PUD Zoning Development Plan,,,(Ord. 92-62)
,92-00,,,Saturn,Northeast corner of Ridge Mill Dr & Fishinger Blvd,PUD modification & PUD final development plan,PUD (Mill Run),01/14/1993,2/1/1993 (93-C-5)
,92-00,,,J.E. Thomas Development,4599 Cemetery Rd,Development plan,B-5,01/14/1993,n/a
,93-0001LC,050-004804,4600 AVERY RD,Hilliard City School District property,Southeast corner of Davidson Rd & Avery Rd,Rezone to S-1,A-1,01/14/1993,
,93-0002LR,,,Ray property,4986 & 5094 Wilcox Rd,Lot split,A-1,03/11/1993,n/a
,93-0003LR,,,Burdge property,3789 Cemetery Rd,Rezone to B-4,R-1,Withdrawn 2/11/1993,n/a
,93-0004LC,,,"Saber Diamond Tools, Inc.",4324 Reynolds Dr,M-5 Plan,M-5,02/11/1993,n/a
,93-0005LC,,,Cemetery Road Corridor,,Public comments,,02/11/1993,n/a
,93-0006LC,,,City of Hilliard,,Assign A-1 zonign classification,Rural (Twp),Withdrawn 3/11/1993,
,93-0007LC,,,Players Club,Southwest corner of Mill Run PUD,Lot split & PUD modification,PUD (Mill Run),03/11/1993,4/26/1993 (93-C-8)
,93-0008LR,,,Westbriar Section 2,Frazell Rd,Informal review of revised preliminary plat,R-3,03/11/1993,
,93-0009LR,,,Carriage Run Phase 1,South side of Cemetery Road east of Westbrook Dr,Informal review of final plat,R-5/PND,03/11/1993,
,93-0010LR,,,Westbriar Section 2,Frazell Rd,Final plat,R-3,04/08/1993,
,93-0011LR,,,Carriage Run Phase 1,South side of Cemetery Road east of Westbrook Dr,Final plat,R-5/PND,04/08/1993,
,93-0012LR,,,Borror Corporation,North side of Davidson Rd opposite Schirtzinger Rd,Rezone to R-3,A-1,04/08/1993,(Ord 93-36)
,93-0013LC,,,Wolpert property,North side of Davidson Rd on the east and west sides of I-270,Rezone to B-3,A-1,04/08/1993,(Ord 93-37)
,93-0014LR,,,Carrington Place,West side of Britton Rd north of Britton Farms Dr,Final plat,PUD (Britton Farms),04/08/1993,
,93-0015LR,,,River Crossing Lot 11,River Crossing subdivision Lot 11,Lot split & PND modification,R-5/PND,04/08/1993,n/a
,93-0016LC,050-002282,4772 CEMETERY RD,Mid-Ohio Development property (Columbus Metropolitan Library),4772 Cemetery Rd,Rezone to B-2 with limited overlay,B-2 & M-5,04/08/1993,(Ord 93-35)
,93-0017LR,,,Woods of the Scioto,Lot 12,PND Modification,R-5/PND,04/08/1993,n/a
,93-0018LC,,,Unit Logistics,4555 Lyman Dr,Conditional use - warehouse,M-5,04/08/1993,n/a
,93-0019LC,,,Herberts Powder,4150 Lyman Dr,M-5 Plan,M-5,04/08/1993,n/a
,93-0020LC,,,Mill Run Care Center & Don Kenney Cluster Homes,Southwest portion of the Mill Run PUD,Lot split & PUD modification,PUD (Mill Run),Denied 4/8/1993,n/a
,93-0021LC,,,Pritchett property,4011 Wayne St,Conditional use & M-5 Plan,M-5,05/13/1993,n/a
,93-0022LC,,,Ken Matthews,Weaver Park,Lot split & M-5 Plan for business services use,M-5,04/08/1993,n/a
,93-0023LR,,,Davidson Run,North side of Davidson Rd opposite Schirtzinger Rd,Preliminary plat,R-3,05/13/1993,n/a
,93-0024LR,,,Darby Glen Section 2,,Final plat,R-5/PND,05/13/1993,
,93-0025LC,,,One Mill Run,3455 Mill Run Dr,Lot split,PUD (Mill Run),05/13/1993,n/a
,93-0026LR,,,Heritage Lakes Section 1,,Final plat,PUD (Heritage Lakes),05/13/1993,
,93-0027LC,,,Laidlaw Environmental Services,4350 Edgewyn Ave,M-5 Plan,M-5,05/13/1993,n/a
,93-0028LC,,,Cemetery Road Corridor Study,,Limited Overlay,,05/13/1993,
,93-0029LC,,,Mill Run Care Center,Southwest corner of Mill Run Dr & Mill Meadow Dr,Lot split & PUD modification,PUD (Mill Run),05/20/1993,6/14/1993 (93-C-10)
,93-0030LC,,,Mill Run PUD,Northwest corner of the Mill Run PUD (Kmart shopping center),PUD modification,PUD (Mill Run),06/10/1993,6/28/1993 (93-C-11)
,93-0031LC,,,Mill Meadow Drive Section 2,,Final plat,PUD (Mill Run),07/08/1993,
,93-0032LC,,,K-Mart,,"Lot split, PUD modification & PUD final development plan",PUD (Mill Run),07/08/1993,7/26/1993 (93-C-14)
,93-0033LC,,,"Johnston Manufacturing, Inc.",3830 Lacon Rd,M-5 Plan,M-5,07/08/1993,n/a
,93-0034LR,,,Sutton Place Section 2,,Final plat,R-3,07/08/1993,
,93-0035LC,,,Park Master Plan,,,,08/12/1993,
,93-0036LR,,,Carriage Run Subdivision,,Revised Final Plat,R-5/PND,08/12/1993,
,93-0037LC,050-002927 050-002928,2893 HILLIARD & ROME RD; HILLIARD & ROME RD,Roby Construction Company,2893 Hilliard Rome Rd,Rezone to R-3,A-1,08/12/1993,(Ord 93-67)
,93-0038LC,,,Ohio Laminating & Binding,Hilliard Technology Park Lots 3 & 4,Lot split & M-5 plan,M-5,08/12/1993,n/a
,93-0039LC,,,Laidlaw Environmental Services,4350 Edgewyn Ave,M-5 Plan,M-5,08/12/1993,n/a
,93-0040LR,,,Davidson Run Section 1,North side of Davidson Rd opposite Schirtzinger Rd,Final plat,R-3,08/12/1993,
,93-0041LC,,,Old Hilliard District,,Modify boundaries,,08/12/1993,
,93-0042LR,,,Point Pleasant,,Informal discussion,R-4,08/12/1993,
,93-0043LR,,,Carriage Run Phase 2,South side of Cemetery Road east of Westbrook Dr,Final plat,R-5/PND,09/09/1993,
,93-0044LR,,,Point Pleasant,3333 Leap Rd,Preliminary plat,R-4,09/09/1993,n/a
,93-0045LC,,,Mid-Ohio Development property,North side of Cemetery Rd & west of Leap Rd,Lot split,B-2,09/09/1993,n/a
,93-0046LC,,,Nationwise Auto,Northwest corner of Cemetery Rd & the Hilliard Square entrance drive,Final development plan,B-2,11/04/1993,n/a
,93-0047LC,,,Willson property,4876 Cemetery Rd,Rezone to B-1,R-3,09/09/1993,
,93-0048LC,,,Park Mill Run Dr,Mill Run PUD,Final plat,PUD (Mill Run),09/09/1993,
,93-0049LR,,,Buck Weld,,M-5 Plan - fence,M-5,09/09/1993,n/a
,93-0050LC,,,Davidson Road & Avery Road right-of-way,Corner of Davidson Rd & Avery Rd,Final plat,S-1,09/09/1993,
,93-0051LC,,,Saturn,3880 Fishinger Blvd,Final development plan modification - mounding,PUD (Mill Run),10/14/1993,n/a
,93-0052LR,,,Heritage Lakes,East side of Alton Darby Rd & south of Scioto Darby Rd,PUD modification,PUD (Heritage Lakes),10/14/1993,
,93-0053LC,,,Honda Northwest,3747 Park Mill Run Dr,"Lot split, PUD modification & Final Development plan",PUD (Mill Run),10/14/1993,10/25/1993 (93-C-29)
,93-0054LC,,,Columbus Sports,3781 Park Mill Run Dr,"Lot split, PUD modification & Final Development plan",PUD (Mill Run),11/04/1993,12/6/1993 (93-C-35)
,93-0055LR,,,Point Pleasant,3333 Leap Rd,Final plat,R-4,10/14/1993,
,93-0056LR,,,Britton Farms Section 3 Phase 1 & 2,,Final plat,PUD (Britton Farms),10/14/1993,
,93-0057LR,,,River Park Part 2,Northwest corner of Davidson Rd & Dublin Rd,Final plat,R-3,10/14/1993,
,93-0058LC,,,Arctic Express,4301 Lyman Dr,M-5 Plan,M-5,10/14/1993,n/a
,93-0059LC,,,"Compuserve, Inc.",Northeast corner of Davidson Rd & Britton Rd - 5000 Britton Rd,Informal review,B-3,11/01/1993,n/a
,93-0060LC,,,"Compuserve, Inc.",Northeast corner of Davidson Rd & Britton Rd - 5000 Britton Rd,Plan approval,B-3,11/10/1993,n/a
,93-0061LC,,,Maxwell property,North side of Scioto Darby Rd & west of Cosgray Rd,Rezone to B-4,A-1,11/10/1993,
,93-0062LC,,,Halley property,6368 Scioto Darby Rd,Rezone to B-4,A-1,11/10/1993,
,93-0063LC,,,Laidlaw Environmental Services,4350 Edgewyn Ave,M-5 Plan,M-5,11/10/1993,n/a
,93-0064LC,,,1994 Capital Imrovements Program,,,,11/10/1993,
,93-0065LC,,,"Compuserve, Inc.",5000 Britton Rd,Development plan modification,B-3,12/09/1993,n/a
,93-0066LC,,,Damon's Restaurant,3799 Park Mill Run Dr,"Lot split, PUD modification & Final Development plan",PUD (Mill Run),12/09/1993,12/20/1993 (93-C-50)
,93-0067LR,,,Franklin Homes,4964 Vicksburg Ct,Lot split,R-3,12/09/1993,n/a
,93-0068LR,,,Haueisen property,East side of Hilliard Rome Rd between Schatz Ln and Richlanne Dr,Sketch plan,,12/09/1993,n/a
,94-0001LC,050-007228,MILL RUN DR,One Mill Run,3455 Mill Run Dr,Lot split & PUD modification,PUD (Mill Run),01/13/1994,1/24/1994 (94-C-01)
,94-0002LC,050-006675,3599 PARK MILL RUN DR,Incredible Universe,3599 Park Mill Run Dr,Lot split & PUD modification,PUD (Mill Run),01/13/1994,2/14/1994 (94-C-03)
,94-0003LC,050-005613 050-00,5600 - 5900 SCIOTO DARBY RD,Hilliard City School District,Northeast corner of Scioto Darby Rd & Leppert Rd,Rezoning to S-1 (83.853 acres),A-1,01/13/1994,
,94-0004LC,,,Planned Development Co.,Heritage Club Dr & Main St,Final plat,PUD (Heritage Lakes),02/10/1994,
,94-0005LR,,,Haueisen property,East side of Hilliard Rome Rd between Schatz Ln & Richlanne Dr,Sketch plan,R-2,01/13/1994,n/a
,94-0006LR,,,Carriage Run Phase 2,,Informal review,PND,01/13/1994,n/a
,94-0007LR,,,Carriage Run Phase 2,,Final plat amendment,PND,02/10/1994,
,94-0008LC,050-006675,3599 PARK MILL RUN DR,Incredible Universe (15.55 acres),3599 Park Mill Run Dr,PUD modification & Final Development Plan,PUD (Mill Run),02/10/1994,3/14/1994 (94-C-05)
,94-0009LC,050-007276,3883 PARK MILL RUN DR,Chili's (2.0 acres),Northwest corner of Park Mill Run Dr & Fishinger Blvd,Lot splilt,PUD (Mill Run),02/10/1994,n/a
,94-0010LC,,,K. Amailia Enterprises,"3700 Parkway Ln, Suite Q",Conditional use - clothing sales,M-5,2/10/1994 8/11/1994 6-month extension,n/a
,94-0011LR,,,Scioto Farms,South side of Scioto Darby Rd & west of Walcutt Rd,Sketch plan,,02/10/1994,n/a
,94-0012LC,,,Wendy's,4245 Cemetery Rd,M-5 Plan,M-5,Withdrawn 4/14/1994,n/a
,94-0013LC,,,Hurst-Russell Offices,4876 Cemetery Rd,Informal review,L-B-1,02/10/1994,n/a
,94-0014LR,,,Heritage Lakes,Heritage Lakes PUD,Final Plat,PUD (Heritage Lakes),04/14/1994,
,94-0015LC,,,Hilliard Academy of Dance,3840 Lacon Rd,Conditional use,M-5,05/12/1994,n/a
,94-0016LR,,,Frank Mulford & Charles Haueisen,East side of Hilliard Rome Rd between Schatz Ln & Richlanne Dr,Rezone to R-2; lot split; & Preliminary Plat,R-1,03/10/1994,
,94-0017LR,,,"Patch property, Borror Corp., & M/I Schottenstein Homes",East side of Avery Rd (39.65 acres),Rezone to R-3,R-2 & R-3,03/10/1994,
,94-0018LR,,,"Riebel Holding Company / Hospital Properties, Inc.","Hayden Run Village Reserve ""A""",Rezone to B-1,R-5,03/10/1994,
,94-0019LC,,,R&S Halley & Co.,6400 Scioto Darby Rd,Development Plan,,03/10/1994,n/a
,94-0020LC,,,Hurst-Russell Offices,4876 Cemetery Rd,Development Plan,,03/10/1994,
,94-0021LC,,,Wendy's,4245 Cemetery Rd,M-5 Plan,M-5,Withdrawn,n/a
,94-0022LC,,,Hilliard Academy of Dance,"3840 Lacon Rd, Suite 10 & 12",Conditional use,M-5,05/12/1994,n/a
,94-0023LR,,,Hampton Oaks,East side of Avery Rd (39.65 acres),Preliminary plat,R-3,04/14/1994,
,94-0024LR,,,Darby Glen Section 3 Part 1,Scioto Darby Rd & Leap Rd,Final plat,PND,04/14/1994,
,94-0025LR,,,Darby Glen Section 3 Part 2,Scioto Darby Rd & Leap Rd,Final plat,PND,04/14/1994,
,94-0026LR,,,Brookfield Village Section 5,North of Roberts Rd & East of Frazell Rd,Final plat,PND,04/14/1994,
,94-0027LR,,,Scioto Farms,Scioto Darby Rd & Walcutt Rd,Preliminary plat,R-3,04/14/1994,
,94-0028LC,,,Paxton Lumber,3981 Parkway Ln,Conditional use - retail & wholesale,M-5,04/14/1994,n/a
,94-0029LC,,,J.L. Norbeck Co.,Hilliard Technology Park Lot 4 - Reynolds Drive west of Ohio Laminating & Binding,M-5 Plan,M-5,04/14/1994,n/a
,94-0030LC,050-002984,4500 SUTPHEN CT,Sutphen Towers c/o D.K. Buck Company,4500 Sutphen Ct,M-5 Plan,M-5,04/14/1994,n/a
,94-0031LC,050-007350,3861 PARK MILL RUN,TGI Friday's,3861 Park Mill Run Dr,Lot split & PUD modification,PUD (Mill Run),04/14/1994,4/25/1994 (94-C-09)
,94-0032LC,050-007276,3883 PARK MILL RUN DR,Chili's,3883 Park Mill Run Dr,Lot split & PUD modification,PUD (Mill Run),04/14/1994,4/25/1994 (94-C-10)
,94-0033LC,050-007272 050-007273,3841 PARK MILL RUN DR; 3831 PARK MILL RUN DR,Homewood Suites & Comfort Suites,3831 & 3841 Park Mill Run Dr,Lot split & PUD modification,PUD (Mill Run),04/14/1994,4/25/1994 (94-C-12)
,94-0034LC,,,Restaurant site,Park Mill Run Dr (1.53 acres),Lot split & PUD modification,PUD (Mill Run),04/14/1994,4/25/1994 (94-C-13)
,94-0035LC,050-004028,4455 REYNOLDS DR,,4455 Reynolds Dr (Hilliard Technology Park Lot 10),Lot split,M-5,04/14/1994,n/a
,94-0036LR,,,Heritage Lakes,,Final plat,PUD (Heritage Lakes),04/14/1994,
,94-0037LR,,,Heritage Lakes Section 2 Phase 1,,Final plat,PUD (Heritage Lakes),,
,94-0038LR,,,Heritage Lakes Section 2 Phase 2,,Final plat,PUD (Heritage Lakes),,
,94-0039LC,,,"The Computer Group, Inc.",4455 Reynolds Dr (Hilliard Technology Park Lot 9 & residual of Lot 10),M-5 Plan,M-5,05/12/1994,n/a
,94-0040LC,050-002811,3830 LACON RD,"Johnstown Manufacturing, Inc.",3830 Lacon Rd,M-5 Plan,M-5,05/12/1994,n/a
,94-0041LC,050-004026 050-004027,4477 - 4485 REYNOLDS DR,Baesman Printing Corp.,4477 Reynolds Dr,M-5 Plan,M-5,05/12/1994,n/a
,94-0042LC,,,Clarence Maxwell property,Northwest corner of Scioto Darby Rd & Cosgray Rd,Lot split,A-1,05/12/1994,n/a
,94-0043LC,050-007004 050-007806,3785 PARK MILL RUN DR; MILL RUN DR,Kmart,3785 Park Mill Run Dr,Final development plan revision,PUD (Mill Run),06/09/1994,n/a
,94-0044LC,050-007509,Not Found,Hometown Buffet,3727 Park Mill Run Dr,Lot split & PUD modification,PUD (Mill Run),06/09/1994,6/27/1994 (94-C-21)
,94-0045LR,,,Davidson Run Section 2,North side of Davidson Rd opposite Schirtzinger Rd,Final plat,R-3,06/09/1994,
,94-0046LC,050-002811,3830 LACON RD,"Johnstown Manufacturing, Inc.",3830 Lacon Rd,M-5 Plan,M-5,Denied 9/8/1994,n/a
,94-0047LC,,,"The Computer Group, Inc.",4455 Reynolds Dr (Hilliard Technology Park Lot 9 & residual of Lot 10),M-5 Plan revision,M-5,06/09/1994,n/a
,94-0048LC,,,Kerbler property,4149 & 4199 Weaver Ct,M-5 Plan,M-5,07/14/1994,n/a
,94-0049LC,,,Epcon condos,Main St & Heritage Club Dr,Lot split & PUD modification,PUD (Heritage Lakes),06/09/1994,(94-C-22)
,94-0050LC,,,Happy Home Daycare,4940 Scioto Darby Rd,Zoning Code amendment to add childcare as permitted us in B-4,B-4,06/09/1994,
,94-0051LC,050-003178,3959 - 3959 PARKWAY LN,Buckeye Nissan,3959 Parkway Ln,Transfer of conditional use from B-2 to M-5 for automotive sales & repair,M-5,06/09/1994,
,94-0052LC,050-007004 050-007806,3785 PARK MILL RUN DR; MILL RUN DR,KMart,3785 Park Mill Run Dr,Final development plan revision - fence,PUD (Mill Run),Denied 7/14/94,n/a
,94-0053LC,050-003293,4301 LYMAN DR,Arctic Express,4301 Lyman Dr,M-5 Plan,M-5,07/14/1994,n/a
,94-0054LC,050-002989,4830 NORTHWEST PK,"S&G Metal Works, Inc.",4830 Northwest Pkwy,M-5 Plan,M-5,07/14/1994,
,94-0055LC,050-003178,3959 - 3959 PARKWAY LN,Buckeye Nissan,3959 Parkway Ln,Conditional use - automotive repair,M-5,07/14/1994,n/a
,94-0056LC,050-007016,3781 PARK MILL RUN DR,Sports Unlimited,3781 Park Mill Run Dr,Final development plan modification - roof mounted antenna,PUD (Mill Run),08/11/1994,n/a
,94-0057LR,050-004002,4643 SCHIRTZINGER RD,Ernst property,4643 Schirtzinger Rd,Lot split,R-1,08/11/1994,n/a
,94-0058LC,050-000362 050-000363,3975 - 3975 MAIN ST,U-Haul,3975 Main St,Conditional use - truck rental,,Denied 8/11/1994,n/a
,94-0059LC,,,Perrotta Marble,,M-5 Plan,M-5,08/11/1994,n/a
,94-0060LR,,,Gladstone Estates,East side of Hilliard Rome Rd between Schatz Ln & Richlanne Dr,Preliminary plat,R-2,09/08/1994,n/a
,94-0061LC,,,City of Hilliard,4200 Dublin Rd & 4235 Dublin Rd,Assigning S-1 & R-1 zoning classifications,Rural (TWP),09/08/1994,
,94-0062LR,,,Tamburo property,4160 Dublin Rd,Rezone to R-5,A-1,02/09/1995,
,94-0063LR,,,Scioto Farms Section 1,South side of Scioto Darby Rd & west of Walcutt Rd,Final plat,R-3,10/13/1994,
,94-0064LC,,,Klean-A-Kar,4462 Cemetery Rd & 3880 Brown Park Dr,Lot split,,09/08/1994,n/a
,94-0065LR,,,Braun property (Woods of the Scioto),3177 Melbury Dr,Lot split,R-5/PND,09/08/1994,n/a
,94-0066LC,,,Glimcher Properties Ltd.,8.766 acres immediately south of Kmart,PUD modification & PUD Final Development Plan,PUD (Mill Run),09/08/1994,9/26/1994 (94-C-29)
,94-0067LC,050-002401,4810 CEMETERY RD,M&K Investments,4810 Cemetery Rd,Rezone to B-3,R-3,09/08/1994,10/25/1994 (Ord. 94-82)
,94-0068LC,,,Mokris property,4440 Avery Rd,Rezone to B-3,R-4,09/08/1994,
,94-0069LR,,,River Park No. 3,North side of Davidson Rd & west side of Dublin Rd,Final plat,R-3,09/08/1994,
,94-0070LC,050-002984,4500 SUTPHEN CT,Sutphen Towers,4500 Sutphen Ct,M-5 Plan,M-5,10/13/1994,n/a
,94-0071LC,,,Cemetery Road Corridor Overlay District II,South side of Cemetery Rd between Leap Rd & Westbrook Dr,Addendum to Cemetery Road Corridor Overlay District,,09/28/1994,
,94-0072LC,,,New Life Baptist Church,4940 Scioto Darby Rd,Rezone to B-3,B-4,,
,94-0073LC,,,ITW - Nifco,4199 Weaver Ct South,M-5 Plan,M-5,10/13/1994,n/a
,94-0074LC,,,Advanced Thermal Systems,3659 Parkway Ln,M-5 Plan,M-5,10/13/1994,n/a
,94-0075LC,050-007238,3799 PARK MILL RUN DR,Damon's,3799 Park Mill Run Dr,PUD final development plan revision - satellite dish,PUD (Mill Run),11/10/1994,n/a
,94-0076LC,,,Hospital Properties Inc.,Davidson Rd & access drive to Britton Elementary School,Lot split & PUD Final Development Plan,PUD (Britton Farms),12/08/1994,n/a
,94-0077LC,,,Abbruzzese property,Northwest corner of Cemetery Rd & Berryleaf Ln,Lot split & development plan,B-3,11/10/1994,n/a
,94-0078LC,,,One Mill Run,3455 Mill Run Dr,PUD modification & final developmente plan - parking lot expansion,PUD (Mill Run),11/10/1994,12/5/1994 (94-C-33)
,94-0079LC,,,National Church Residences,North side of Heritage Club Dr approximately 300 feet west of Main St,PUD modification - nursing home,PUD (Heritage Lakes),11/10/1994,
,94-0080LC,,,Heritage Lakes,,"PUD modification, Lot split & rezone from S-1 to PUD",S-1 & PUD (Heritage Lakes),11/10/1994,
,94-0081LC,050-007017,3747 PARK MILL RUN DR,La-Z-Boy,3747 Park Mill Run Dr,PUD modification & Final Development Plan,PUD (Mill Run),11/10/1994,12/12/1994 (94-C-35) 3/6/1995 (95-C-08)
,94-0082LR,,,Young property,East of Hilliard Run subdivision,Rezone to R-2; lot split; & Preliminary Plat,A-1,11/10/1994,
,94-0083LR,,,Knick property,West of Avery Estates & east of Leppert Rd,Rezone to R-2; lot split; & Preliminary Plat,A-1,11/10/1994,
,94-0084LR,,,Borror Corp. (Hoffman Farms),Northwest corner of Scioto Darby Rd & Leppert Rd,Sketch plan,A-1,12/08/1994,n/a
,94-0085LC,,,Klean-A-Kar,3880 Brown Park Dr,Lot split,,12/08/1994,n/a
,94-0086LC,050-002282,4772 CEMETERY RD,Columbus Metropolitan Library,4772 Cemetery Rd,CRCOD plan,L-B-2,01/12/1995,n/a
,94-0087LC,,,W.W. Williams Company,Parkway Ln,Lot split & conditional use - warehouse,M-5,01/12/1995,n/a
,94-0088LC,,,1995 Capital Improvements Program,,,,12/08/1994,
,95-0004LC,,,Wendy's,4245 Cemetery Rd,M-5 plan,M-5,01/12/1995,n/a
,95-0005LC,,,"Beer Select, Inc.",4174 Anson Dr,Conditional use - warehouse,M-5,01/12/1995,n/a
,95-0006LC,,,BP Oil Company,4266 Cemetery Rd,"M-5 plan, CRCOD plan, variance",M-5,01/12/1995,n/a
,95-0007LR,,,Britton Farms Section 4 Phase 2,North of Davidson Rd & west of Britton Rd,Final plat,PUD (Britton Farms),02/09/1995,
,95-0008LR,,,Hampton Oaks,Avery Rd,Final plat,R-3,02/09/1995,
,95-0009LR,,,Heritage Lakes entrance (Custom Touch Builders),Northeast corner Heritage Lakes Dr & Alton Darby Rd,Lot split,PUD (Heritage Lakes),Withdrawn 3/9/95,n/a
,95-0010LC,,,John Messmore property,Cemetery Rd & Lyman Dr,Conditional use - mini storage,M-5,Withdrawn 3/9/95,n/a
,95-0011LC,,,"Champion Window of Columbus, Inc.",3700 Parkway Ln,Conditional use - office & warehouse,M-5,03/09/1995,n/a
,95-0012LC,,,7-Eleven (Convenient Development Corp.),Southwest corner of Heritage Club Dr North & Main St,PUD modification - convenience store,PUD (Heritage Lakes),02/09/1995,n/a
,95-0013LC,,,Spageddies Italian Kitchen,3873 Park Mill Run Dr,PUD modification - restaurant,PUD (Mill Run),03/09/1995,3/13/1995 (95-C-11)
,95-0014LC,,,McDonald's,3685 Main St,Lot split & PUD modification,PUD (Heritage Lakes),02/09/1995,n/a
,95-0014LC,,,Autoworks,Cemetery Rd west of Leap Rd,Development plan,B-2,02/09/1995,n/a
,95-0015LR,,,Hoffman Farms,Northwesst corner of Scioto Darby Rd & Leppert Rd,PUD Zoning Development Plan,A-1,03/09/1995,
,95-0016LC,,,Wilke property,Main St,PUD Zoning Development Plan,S-1,02/09/1995,
,95-0017LR,,,Smith & Hale,Wilcox Rd,Rezoning to R-2 & R-6,A-1,8/10/95 postponed indefinitely,
,95-0018LR,,,Hampton Oaks Phase 2,Avery Rd,Final plat,R-3,04/13/1995,
,95-0019LR,,,Darby Glen Section 3 Phase 2,Scioto Darby Rd & Leap Rd,Final plat,R-5,04/13/1995,
,95-0020LC,,,Dorothy Baker,4567 Cemetery Rd,Access drive & home occupation,,05/11/1995,n/a
,95-0021LC,,,Warren Wilke,4519 Cemetery Rd,Informal discussion,,,
,95-0022LC,,,7-Eleven,Southwest corner of Heritage Club Dr North & Main St,Lot split,PUD (Heritage Lakes),04/13/1995,n/a
,95-0023LC,,,Scioto Valley,4577 Lyman Dr,M-5 plan,M-5,07/13/1995,n/a
,95-0024LC,,,S & G Metal Works,4830 Northwest Pkwy,M-5 plan,M-5,04/13/1995,n/a
,95-0025LC,,,Classic Chem Station,3701 Main St,Transfer of conditional use from B-4 to B-2 - janitor supply company,B-2,04/13/1995,
,95-0026LC,,,TGI Friday's,3861 Park Mill Run Dr,Patio dining,PUD (Mill Run),05/11/1995,n/a
,95-0027LR,,,Steve Buchenroth & Don Wick,Mill Run between One Mill Run & the Players Club,PUD modification - condos,PUD (Mill Run),Denied 5/11/95,n/a
,95-0028LC,,,7-Eleven,Southwest corner of Heritage Club Dr North & Main St,Driveway relocation,PUD (Heritage Lakes),Withdrawn 5/11/95,n/a
,95-0029LR,,,Tamburo property - Woods of Scioto Phase 2,4160 Dublin Rd,Preliminary plat & development plan,A-1,8/12/95 tabled indefinitely,
,95-0030LC,,,W.W. Williams Company,Parkway Ln,M-5 plan,M-5,05/11/1995,n/a
,95-0031LC,,,Physical Therapy West,4878 Cemetery Rd,CRCOD plan,,05/11/1995,n/a
,95-0032LC,,,Saturn - Collision & Glass Repair Facility,Northest corner of Ridge Mill Dr & Fishinger Blvd,PUD modification & development plan,PUD (Mill Run),07/13/1995,7/24/1995 (95-C-19)
,95-0033LC,,,"ITW - Nifco, Inc.",4231 Leap Rd,Conditional use - cooling tower,M-5,06/08/1995,n/a
,95-0034LC,,,Walter Kennedy,5387 Madison St,Transfer of conditional use from B-2 to B-4 - automotive repair,B-4,07/13/1995,
,95-0035LC,,,Columbus Metropolitan Library,5657 Scioto Darby Rd,Rezoning to B-3,B-1,06/08/1995,
,95-0036LC,,,Ohio Laminating & Binding,4364 Reynolds Dr,Special permit & variance for telecommunications tower,M-5,07/13/1995,n/a
,95-0037LC,,,"Laidlaw Environmental Services, Inc.",4350 Edgewyn Ave,M-5 plan,M-5,06/08/1995,n/a
,95-0038LC,,,M.A.N. Mapping Services,Weaver Court South,Lot split & M-5 plan,M-5,06/08/1995,n/a
,95-0039LC,,,"Ohio Mulch Supply, Inc.",3550 Parkway Ln,Conditional use - ancillary retail & outdoor storage,M-5,08/10/1995,n/a
,95-0040LC,,,Warner Cable,Grace St (Lot 4),CRCOD plan,B-4,08/10/1995,n/a
,95-0041LC,,,Evergreen Restaurant,4280 Cemetery Rd,M-5 plan & setback variance,M-5,08/10/1995,n/a
,95-0042LR,,,Hamilton residence,4723 Glanstonbury Dr,PUD modification - fence,PUD (Britton Farms),08/10/1995,
,95-0043LR,,,Beckstein residence,4745 Glanstonbury Dr,PUD modification - fence,PUD (Britton Farms),08/10/1995,
,95-0044LC,,,Perrotta Marble Shop,3808 Lacon Dr,M-5 plan,M-5,09/14/1995,n/a
,95-0045LR,,,Davis residence,4166 Avery Rd,Rezoning to B-1,R-2,11/16/1995,
,95-0046LR,,,Kesler residence,4180 Avery Rd,Rezoning to B-1,R-2,11/16/1995,
,95-0047LR,,,Kensey residence,4196 Avery Rd,Rezoning to B-1,R-2,11/16/1995,
,95-0048LC,,,Gary Estep,West side of Britton Rd between Britton Farms Dr & Carrington Way,PUD modification - daycare,PUD (Britton Farms),09/14/1995,
,95-0049LC,,,Johnstown Manufacturing,3830 Lacon Rd,M-5 plan,M-5,Denied 11/9/95,n/a
,95-0050LR,,,Scioto Farms Section 2,Scioto Darby Rd & Scioto Farms Dr,Final plat,R-3,10/12/1995,
,95-0051LC,,,Rage Corporation,3949 Lyman Dr,M-5 plan,M-5,09/14/1995,n/a
,95-0052LC,,,"Transport Specialists, Inc.",4300 Lyman Dr,M-5 plan,M-5,09/14/1995,n/a
,95-0053LC,,,Dan Slane - Tinapple Plaza,Hilliard Rome Rd & Tinapple Rd,Informal discussion - shopping center,,12/14/1995,n/a
,95-0054LR,,,Cash residence,3600 Boathouse Dr,PUD modification - rear setback,PUD (River Landings),11/09/1995,
,95-0055LR,,,Darby Glen Section 4,Scioto Darby Rd & Leap Rd,Final plat,R-5/PND,11/09/1995,
,95-0056LR,,,Tamburo residence,4160 Dublin Rd,Lot split,A-1,12/14/1995,n/a
,95-0057LR,,,Yang residence,3712 Scioto Run Blvd,PND modification,PND (Scioto Run),12/14/1995,
,95-0058LR,,,Lee property,4787 Jeannette Rd,Rezoning to R-4,R-3,12/14/1995,
,95-0059LC,,,Capital Improvements Program,,,,12/14/1995,
,96-0001LR,,,Rockford Homes & Robert Taggart Co.,Southwest corner of the Mill Run subdivision,PUD modification - condominiums,PUD (Mill Run),02/08/1996,3/11/1996 (96-C-07)
,96-0002LR,,,"The Epcon Group, Inc.",Heritage Club Dr,PUD modification - condos,PUD (Heritage Lakes,02/08/1996,
,96-0003LR,,,Brookfield Village Section 6,,Final plat,PND (Brookfield Village),02/08/1996,
,96-0004LC,,,Assisted Living & Nursing Care Center,Mill Run Dr & Mill Meadow Dr,PUD modification,PUD (Mill Run),02/08/1996,
,96-0005LR,,,Rebecca & Pat Lee c/o William Mokris,4164 Maystar Way,PND modification,PND (Scioto Run),02/08/1996,n/a
,96-0006LC,,,Phillip Martin,North of Scioto Darby at Walcutt Rd,Conditional use transfer from M-4 to B-4 to permit warehousing,B-4,02/08/1996,
,96-0007LC,,,S&G Metal Works,4830 Northwest Pkwy,"M-5 plan - 54,000 sq ft addition",M-5,03/14/1996,n/a
,96-0008LC,,,"Saber Diamond Tools, Inc.",4324 Reynolds Dr,M-5 plan & variance for lot coverage,M-5,03/14/1996,n/a
,96-0009LC,,,Scioto Valley,4577 Lyman Dr,M-5 plan modification,M-5,04/11/1996,n/a
,96-0010LC,,,Tinapple Plaza (The Slane Co.),Hilliard Rome Rd & Tinapple Rd,Lot splits & right-of-way vacation,B-4,04/11/1996,
,96-0011LR,,,James & Terri Diesing,3812 Carriage Run Dr,PND modification,PND (Carriage Run),05/09/1996,n/a
,96-0012LC,,,Pete Miller,4537 Cemetery Rd,Informal review,,Reviewed 4/11/96,n/a
,96-0013LR,,,Chad Cunningham,3821 Carriage Run Dr,PND modification,PND (Carriage Run),05/09/1996,n/a
,96-0014LC,,,Hilliard Jaycees (Incredible Universe site),3599 Park Mill Run Dr,Temporary use - festival,PUD (Mill Run),Withdrawn 5/13/1996,n/a
,96-0015LC,,,Pete Miller,4537 Cemetery Rd,Approval & compliance of overlays,,05/16/1996,n/a
,96-0016LC,,,"ESA Development, Inc.",3950 Lyman Dr,Conditional use - hotel,M-5,Withdrawn,n/a
,96-0017LR,,,David Walkins c/o Elite Home Remodeling,4160 Bowmansroot Ct,PND modification,PND (Scioto Run),06/13/1996,n/a
,96-0018LC,,,"Xytec Coatings, Inc.",3650 Parkway Ln,M-5 plan,M-5,06/13/1996,n/a
,96-0019LR,,,"Multicon Builders, Inc.",4125 & 4141 Dublin Rd,Rezoning to PND,A-1,06/13/1996,
,96-0020LC,,,Tinapple Plaze (The Slane Co.),Hilliard Rome Rd & Tinapple Rd,Dedication plat & landscape plan,B-4,06/13/1996,
,96-0021LC,,,City of Hilliard Zoning Code,,Code amendment - include nursery school & daycare facilities as conditional use in B-1 & B-3,,06/13/1996,
,96-0022LC,,,"Micro Electronics, Inc.",4119 Leap Rd,M-5 plan modification,M-5,06/13/1996,n/a
,96-0023LR,,,Francis Barnes,Terminus of Moundview Rd,Recommend fee in lieu of park land dedication,,06/13/1996,
,96-0024LC,,,William Halley,Madison St & Wayne St,Lot splits & right-of-way vacation,B-6,Withdrawn,n/a
,96-0025LC,,,"Xytec Coatings, Inc.",3650 Parkway Ln,M-5 plan & variance for front yard,M-5,07/11/1996,n/a
,96-0026LR,,,Fairway Commons,East side of Alton Darby Rd,PUD modification,PUD (Heritage Lakes,08/08/1996,
,96-0027LC,,,Charles Call,Madison St & Wayne St,Lot splits,B-6,08/08/1996,n/a
,96-0028LC,,,Saturn West Abra Collision & Glass Repair,3930 Ridgemill Dr,PUD modification,PUD (Mill Run),08/08/1996,
,96-0029LC,,,Frad & Laura Smith,4579 Avery Rd,Rezoning to B-1,R-2,Denied 9/12/1996,
,96-0030LC,,,Robb Mitchell,5001 Cemetery Rd,Rezoning to B-1,R-2,08/08/1996,
,96-0031LC,,,F&R LP,4279 Cemetery Rd,Conditional use transfer from B-4 to M-5 to permit automotive sales,M-5,Withdrawn,n/a
,96-0032LC,,,Gentry Fire Protection,3540 Parkway Ln,Conditional use - warehousing,M-5,08/08/1996,n/a
,96-0033LC,,,Sam & Shirley Tornik,2740 Hilliard Rome Rd,Rezoning to B-1,R-1,Denied 11/14/1996,
,96-0034LC,,,Zaring Campbell Co. Ltd.,Heritage Club Dr west of Main St,Lot split,PUD (Heritage Lakes,09/12/1996,n/a
,96-0035LC,,,"Petco, Inc.",4079 Lyman Dr,M-5 plan modification,M-5,10/10/1996,n/a
,96-0036LC,,,Zaring Campbell Co. Ltd.,Heritage Club Dr west of Main St,PUD modification,PUD (Heritage Lakes,10/10/1996,
,96-0037LR,,,John Bradford,3629 Boathouse Dr,PUD modification,PUD (River Landings),10/10/1996,
,96-0038LC,,,Mid-Ohio Development Corp.,Weaver Court South,Conditional use - warehousing,M-5,12/12/1996,n/a
,96-0039LC,,,Strider property,East side of Alton Darby Rd between Roberts Rd & Scioto Darby Rd,Assign A-1 zoning classification,Rural (Twp),12/12/1996,
,96-0040LC,,,"Carr Farms, Ltd. Property",East side of Leppert Rd north of Davidson Rd,Assign A-1 zoning classification,Rural (Twp),12/12/1996,
,96-0041LC,,,Richard Signoracci,4011 Main St,Lot split,B-6,12/12/1996,n/a
,96-0042LC,,,Heritage Green,Main St,Easement vacation & dedication plat,PUD (Heritage Lakes),12/12/1996,
,97-0001LC,,,George Guffey property c/o Steve Bell,"3919 Parkway Ln, Suite 9",Conditional use - commercial recreation,M-5,,n/a
,97-0002LC,,,"Action Rentals, Inc.",4399 Cemetery Rd,Variance - outside storage,M-5,03/13/1997,n/a
,97-0003LC,,,Soma Company,"East side of I-270, south of Davidson Rd, north of Cemetery Rd",Rezoning to PUD,B-3,12/11/1997,10/26/1998 (Ord. 98-36)
,97-0004LR,,,Heritage Green,Main St & Heritage Club Dr,Compactor enclosure,PUD (Heritage Lakes),02/13/1997,n/a
,97-0005LC,,,Baesman Printing Corp.,4477 Reynolds Dr,M-5 plan - building addition,M-5,,n/a
,97-0006LR,,,James Lamb,5203 Norwich St,Lot split,B-6,03/13/1997,n/a
,97-0007LC,,,"CVI, Inc.",4200 Lyman Ct,Sign variance,M-5,03/13/1997,n/a
,97-0008LC,,,Trueman property,North of Hayden Run Rd & East of Wilcox Rd,"Rezoning to RR,R-2, R-6 & B-3",A-1,05/08/1997,
,97-0009LC,,,Michael Keith,5294 Franklin St,Alley vacation,B-6,04/10/1997,
,97-0010LC,,,Buckeye Nissan Collision Center,3959 Parkway Ln,Sign variance,M-5,,n/a
,97-0011LC,,,Jumbo Sports,3781 Park Mill Run Dr,Sign variance,PUD (Mill Run),,n/a
,97-0012LC,,,Tim Hortons,3850 Lyman Dr,Conditional use - restaurant,M-5,04/10/1997,n/a
,97-0013LR,,,Rick & Missy Starr,4590 Carrington Way,PUD Modification,PUD (Britton Farms),05/29/1997,
,97-0014LR,,,Susan Hunter,4579 Ashview Ct,PUD Modification,PUD (Britton Farms),06/12/1997,
,97-0015LR,,,Michael Williams,3774 Clay Bank Dr,PND Modification,PND (River Crossing),06/12/1997,n/a
,97-0016LR,,,John & Mary Hurley,3524 Scioto Run Blvd,PND Modification,PND (Scioto Run),06/12/1997,n/a
,97-0017LR,,,George Kontogiannis & Associates,North side of Heritage Club Dr approximately 450 feet west of Main St,PUD Modification & Final development plan,PUD (Heritage Lakes),07/10/1997,
,97-0018LC,,,Advance Auto Parts,4483 Cemetery Rd,B-5 plan,B-5,Withdrawn,n/a
,97-0019LR,,,Thomas & Theres Davis,3277 Garrison Ct,PND Modification,PND (Darby Glen),07/10/1997,n/a
,97-0020LC,,,Clarence Maxwell property,West side of Cosgray Rd approximately 980 feet north of Scioto Darby Rd,Lot split (5.575 acres),A-1,06/12/1997,n/a
,97-0021LC,,,Clarence Maxwell property,North of Scioto Darby Rd & west of Cosgray Rd,Lot split (15.542 acres),A-1,06/12/1997,n/a
,97-0022LC,,,Clarence Maxwell property,North of Scioto Darby Rd & west of Cosgray Rd,Lot split (14.400 acres),A-1,06/12/1997,n/a
,97-0023LC,,,Clarence Maxwell property,North of Scioto Darby Rd & west of Cosgray Rd,Lot split (1.000 acre),A-1,06/12/1997,n/a
,97-0024LC,,,AutoNation USA,3599 Park Mill Run Dr,PUD Modification & Final development plan,PUD (Mill Run),Denied 6/12/97,n/a
,97-0025LR,,,James Moore,4727 Brittonhurst,PUD Modification,PUD (Britton Farms),Denied 6/12/97,n/a
,97-0026LC,,,AutoNation USA,3599 Park Mill Run Dr,PUD Modification & Final development plan,PUD (Mill Run),Denied 6/12/97,n/a
,97-0027LC,,,Ohio State Medical Association,,PUD Modification & Final development plan,PUD (Mill Run),08/14/1997,9/8/1997 (97-C-30)
,97-0028LC,,,Max & Erma's,4279 Cemetery Rd,M-5 plan,M-5,07/10/1997,n/a
,97-0029LC,,,Traeger-Hilliard LP,4555 Lyman Dr,M-5 plan,M-5,07/10/1997,n/a
,97-0030LR,,,Gayle Hanson,4444 Winterringer St,Vacation of 5-foot easement,R-2,08/14/1997,
,97-0031LC,,,Chili's,3883 Park Mill Run Dr,PUD Modification & Final development plan,PUD (Mill Run),08/14/1997,9/8/1997 (97-C-34)
,97-0032LC,,,James Chakeres,5454 Franklin St,,,,
,97-0033LC,,,Speedy Muffler King - Dean Salts property,3816 Main St,CRCOD plan,B-4,09/11/1997,n/a
,97-0034LC,,,Dean Salts,3816 Main St,Temporary use - vegetable stand,B-4,Denied 8/14/97,n/a
,97-0035LR,,,Weston Trail,"East of Leppert Rd, south of Brixton subdivision",Sketch plan & Preliminary plat,R-2,,
,97-0036LR,,,Homewood Corp. property,East side of Leppert Rd approximately 500 feet north of the Rails to Trails bike path,Rezoning to R-2 (4.2 acres),A-1,09/11/1997,
,97-0037LC,,,Enterprise Rent-A-Car,4556 Cemetery Rd,Conditional use transfer from B-4 to B-2,B-2,10/09/1997,
,97-0038LC,,,Rich Products,4600 Northwest Pkwy,M-5 plan,M-5,10/09/1997,n/a
,97-0039LC,,,"SprintCom, Inc.",4130 Lyman Dr,Special permit for telecommunications tower,M-5,10/09/1997,n/a
,97-0040LC,,,Ed Emsweller (DicksonHughes Group),West side of Lyman Dr and south of Reynolds Dr,Special permit for telecommunications tower,M-5,Withdrawn,n/a
,97-0041LR,,,Charles & Patty Wille,2704 Rosebush Ct,PND Modification,PND (Brookfield Village),11/13/1997,n/a
,97-0042LR,,,"Davidson Phillips, Inc.",East of Frazell & south of Tinapple Park,PND modification & Lot split (0.914 acre),PND (Brookfield Village),11/13/1997,n/a
,97-0043LC,,,S&G Metal Works,4830 Northwest Pkwy,M-5 plan & variance for lot coverage,M-5,11/13/1997,n/a
,97-0044LC,,,Ted Coleman,3885 Leemar Dr,Rezoning to B-3,R-2,12/11/1997,
,97-0045LC,,,Clarence Maxwell property,North of Scioto Darby Rd & west of Cosgray Rd,Lot split (2.000 acres),A-1,11/13/1997,n/a
,97-0046LC,,,Capital Area Humane Society,3015 Scioto Darby Executive Ct,Temporary use - Christmas trees sales,Not in Hilliard,Withdrawn,n/a
,97-0047LR,,,Alan Kent,3701 Boathouse Dr,PUD modification,PUD (River Landings),11/13/1997,
,97-0048LC,,,Robert Rothacker,Parkway Ln,Temporary use; Conditional use; M-5 plan; & variance (side and rear yard),M-5,12/11/1997; Exterior bldg. materials & colors on 3/12/98,n/a
,97-0049LC,,,Arby's,Cemetery Rd,CRCOD plan,B-2,01/08/1998,n/a
,97-0050LR,,,Hoffman Farms Section 1 Phase 1,,Final plat,PUD (Hoffman Farms),12/11/1997,
,97-0051LR,,,Hoffman Farms Section 1 Phase 2,,Final plat,PUD (Hoffman Farms),12/11/1997,
,97-0052LC,,,,South and east sides of Hertitage Club Dr and west of Main St,PUD modification & lot split,PUD (Heritage Lakes),12/11/1997,
,97-0053LC,,,Aqua Pure,4235 Leap Rd,M-5 plan,M-5,01/08/1998,n/a
,97-0054LC,050-002374,CEMETERY RD,Hilliard Square Shopping Center,,Lot split,B-2,01/08/1998,n/a
,97-0055LC,,,Gary Estep,5075 Britton Rd,PUD Modification & Final development plan,PUD (Britton Farms),02/12/1998,
,98-0001LC,,,,,,,,
,98-0002LC,,,Garden Ridge,3599 Park Mill Run Dr,PUD modification,PUD (Mill Run),03/12/1998,4/27/1998 (98-C-24)
,98-0003LC,,,Unique Flooring Outlet,"3670 Lyman Dr, Suite G",Conditional use,M-5,03/12/1998,n/a
,98-0004LR,,,Hoffman Farms Section 3 Phase 1,,Final plat,PUD (Hoffman Farms),04/09/1998,
,98-0005LR,,,Hoffman Farms Section 3 Phase 2,,Final plat,PUD (Hoffman Farms),04/09/1998,
,98-0006LC,,,Sylvan Learning Center,5334 Cemetery Rd,CRCOD plan,L-B-2,04/09/1998,n/a
,98-0007LC,,,Dave & Buster's,Mill Run subdivision lot 1,PUD modification & lot split,PUD (Mill Run),04/09/1998,4/27/1998 (98-C-23)
,98-0008LC,,,,,,,,
,98-0009LR,,,Hoffman Farms Section 2 Phase 1,,Final plat,PUD (Hoffman Farms),05/14/1998,
,98-0010LR,,,Hoffman Farms Section 2 Phase 2,,Final plat,PUD (Hoffman Farms),05/14/1998,
,98-0011LC,,,The Great Outdoors,3599 Park Mill Run Dr,PUD modification,PUD (Mill Run),Withdrawn,n/a
,98-0012LC,,,"Ninety Seven, Inc.",5499 Constitution Blvd,Lot split,B-2,05/14/1998,n/a
,98-0013LC,,,Ansmil,,Rezone to PUD,A-1,,
,98-0014LC,,,Mayco Colors,4077 Weaver Court South,M-5 plan,M-5,05/14/1998,n/a
,98-0015LC,,,S&G Metal Works,4830 Northwest Pkwy,M-5 plan & conditional use transfer from B-2 to M-5 to permit automotive repair,M-5,07/09/1998,n/a
,98-0016LC,,,Cubberly Center,4519 Cemetery Rd,CRCOD plan,L-B-5,07/09/1998,n/a
,98-0017LR,,,Coventry Manor,Cosgray Rd & Scioto Darby Rd,Rezoning to PUD,B-4,06/11/1998,
,98-0018LC,,,Hilliard United Methodist Church,3701 Main St,Conditional use transfer from M-5 to B-2 to permit warehousing,B-2,06/11/1998,
,98-0019LC,,,CSR Pipeline Systems,4143 Weaver Court South,M-5 plan - outdoor storage,M-5,07/09/1998,n/a
,98-0020LC,,,Arco Flooring Company,"3700 Parkway Lane, Suite J & K",Conditional use - wholesale business & ancillary retail,M-5,07/09/1998,n/a
,98-0021LR,,,"Norfolk Investments, Ltd.",Cosgray Rd,Rezone to PND,A-1,Denied 9/10/98,
,98-0022LC,,,Seafood International,4180 Weaver Ct,Conditional use - wholesale business,M-5,08/13/1998,n/a
,98-0023LR,,,Fry residence,3372 River Landings Blvd,PUD modification,PUD (River Landings),08/13/1998,
,98-0024LC,,,Sutphen Towers,4500 Sutphen Ct,M-5 plan,M-5,07/09/1998,n/a
,98-0025LR,,,Walker property,East of Alton Darby Rd north of Pinefield Dr,Rezone to PND,A-1,01/14/1999,Ord. 99-17
,98-0026LC,,,Office Depot,3781 Park Mill Run Dr,PUD modificaton & Final development plan revision,PUD (Mill Run),10/08/1998,10/26/1998 (98-C-40)
,98-0027LC,,,Nations Rent,5274 Cemetery Rd,CRCOD plan,L-B-2,10/08/1998,n/a
,98-0028LC,,,Klean-A-Kar Express,3880 Brown Park Dr,CRCOD plan,L-B-4,10/08/1998,n/a
,98-0029LC,,,Miller Pipeline,5032 Scioto Darby Rd,Warehousing & outside storage,B-4,10/08/1998,n/a
,98-0030LR,050-004802 050-004803 050-008253,Not Found,Weston Trail,East side of Leppert Rd approximately 1050 feet south of Davidson Rd,Preliminary plat,R-2,11/12/1998,
PZ-1998-1,98-0031LR,050-003879,Not Found,Yocca & Ballenger partnership,Wilcox Rd,Rezoning to R-6,A-1,Tabled indefinitely 12/10/98,n/a
PZ-1998-2,98-0032LC,,,Ansmil,,Rezoning to PUD,A-1,07/08/1999,Ord. 99-57
PZ-1998-3,98-0033LC,,,Scioto Darby Concrete,4540 Edgewyn Ave,M-5 plan,M-5,11/12/1998,n/a
,98-0034LR,,,Northhampton Chase subdivision,4125 & 4141 Dublin Rd,Final plat,PND,11/12/1998,
PZ-1998-4,98-0035LC,,,Mitchell Insurance,5001 Cemetery Rd,CRCOD plan,L-B-1,12/10/1998,n/a
PZ-1998-5,98-0036LC,,,David Stanley property,5093 & 5105 Cemetery Rd,CRCOD plan,L-B-1,12/10/1998,n/a
PZ-1998-7,98-0037LC,,,"Rothacker Family Partnership, Ltd.",3250 Parkway Ln,Conditional use - warehousing; & rear & side yard setback variances,M-5,12/10/1998,n/a
PZ-1998-8,98-0038LC,,,Steve Stein,5250 Franklin St,CRCOD plan; Conditional use - warehousing; & side yard setback variance,M-2,Denied 12/10/98,n/a
PZ-1998-6,98-0039LR,050-007701,Not Found,Walker property,Alton Darby Rd,Rezoning to PND,A-1,01/14/1999,Ord. 99-88
PZ-1998-9,98-0040LC,,,"Vanner, Inc.",4282 Reynolds Dr,M-5 plan,M-5,01/14/1999,n/a
PZ-1998-10,98-0041LR,,,"Brookfield Village, Section 7",,Final plat,PND (Brookfield Village),01/14/1999,
PZ-1998-11,98-0042LR,,,Weston Trail Phase 1,Leppert Rd south of Davidson Rd,Final plat,R-2,02/11/1999,
PZ-1999-1,99-0001LR,,,Schemine residence,4920 Silo Ct,PUD modification,PUD ( Britton Farms),02/11/1999,
PZ-1999-2,99-0002LR,,,Hilliard Storage Inns,3950 Lyman Dr,Variance - lot coverage,M-5,Withdrawn,n/a
PZ-1999-3,99-0003LR,050-008206,COSGRAY RD,Degraw property,Cosgray Rd,Rezoning to R-2,A-1,05/13/1999,
PZ-1999-4,99-0004LR,,,Hoyt & Criner property,4196 Stallar Dr,PND modification,PND (Scioto Run),03/11/1999,
PZ-1999-5,99-0005LC,,,"Norfolk Investments, LLC property",Cosgray Rd,PND modification,PND (Wellington Estates),03/11/1999,
PZ-1999-6,99-0006LC,050-003168,Not Found,Soma Company,"East of I-270, south of Davidson Rd, west of Schirtzinger Rd",Lot split,,04/08/1999,n/a
PZ-1999-7,99-0007LC,050-003207 050-003043,4530 GENEROSITY WY,Soma Company,"East of I-270, south of Davidson Rd, west of Schirtzinger Rd",Lot split,,04/08/1999,n/a
PZ-1999-8,99-0008LC,,,"Red Roof Inns, Inc.",4355 Davidson Rd,Lot split,,04/08/1999,n/a
PZ-1999-9,99-0009LC,052-000007 052-000008 052-000009,,AI Limited - (Silverton Farms),"West of Wilcox Rd, north of Hayden Run Rd, east of Avery Rd",Rezoning to PND,A-1,08/12/1999,
PZ-1999-10,99-0010LC,,,Sutphen Towers,4500 Sutphen Ct,M-5 plan,M-5,04/08/1999,n/a
,99-00011LR,,,Homewood Corp.,4668 Huntwicke Dr,PUD modification,PUD (Britton Farms),05/13/1999,
PZ-1999-12,99-0012LR,,,"Brookfield Village, Section 8",,Final plat,PND (Brookfield Village),05/13/1999,
PZ-1999-13,99-0013LC,,,B&A Realty,5017 Cemetery Rd,CRCOD plan,L-B-1,09/09/1999,n/a
PZ-1999-14,99-0014LC,,,Stauf's Coffee Roasters,3700 Parkway Ln,Conditional use - wholesale business,M-5,05/13/1999,n/a
PZ-1999-15,99-0015LC,,,Ohio Laminating & Binding,4364 Reynolds Dr,M-5 plan,M-5,05/13/1999,n/a
PZ-1999-16,99-0016LR,050-003043,4530 GENEROSITY WY,Soma Company,Western terminus of Scioto Run Blvd,Lot split,,Tabled indefinitely 9/9/99,n/a
PZ-1999-17,99-0017LR,,,Nigam residence,4774 Britton Farms Dr,PUD modification,PUD (Britton Farms),05/13/1999,
PZ-1999-18,99-0018LC,,,"Vanner, Inc.",4282 Reynolds Dr,Temporary classroom trailer,M-5,05/13/1999,n/a
PZ-1999-19,99-0019LC,,,American Pacific Enterprises,4251 Leap Rd,Conditional use - warehousing,M-5,Withdrawn 6/10/1999,n/a
PZ-1999-20,99-0020LC,,,Kerbler Builders,4871 Northwest Pkwy,Conditional use transfer from B-2 to M-5 to permit automotive repair,M-5,06/10/1999,
PZ-1999-21,99-0021LC,,,"Transport Specialists, Inc.",4300 Lyman Dr,M-5 plan,M-5,Tabled indefinitely 9/9/99,n/a
PZ-1999-31,99-0022LR,,,Scioto Run West,Western terminus of Scioto Run Blvd,Final plat,PUD (Soma Co.),06/10/1999,
PZ-1999-22,99-0023LR,,,Anita Westfall,"3919 Parkway Ln, Unit 1",Conditional use - commercial recreation (cheerleading gym),M-5,07/08/1999,n/a
PZ-1999-23,99-0024LC,,,Larry Adams,4920 Scioto Darby Rd,Conditional use transfer from B-2 to B-4 to permit automotive repair,B-4,07/08/1999,
PZ-1999-24,99-0025LC,,,Certified Oil Company,4546 Cemetery Rd,CRCOD plan,L-B-4,07/08/1999,n/a
PZ-1999-25,99-0026LR,,,Buoni & Lewis properties,5199 & 5193 Norwich Street,Right-of-way vacation,B-6,03/09/2000,
PZ-1999-26,99-0027LC,,,Loeb Electric,4421 Cemetery Rd,M-5 plan,M-5,07/08/1999,n/a
PZ-1999-27,99-0028LC,,,Mark Martin Motors,5092 Cemetery Rd,CRCOD plan,L-B-4,Withdrawn,n/a
PZ-1999-28,99-0029LR,,,Heck residence,3794 Confluence Dr,PND modification,PND,07/08/1999,n/a
PZ-1999-29,99-0030LR,050-008208,Not Found,Oakmont Partners,,Rezoning to PUD,A-1,11/10/1999,
PZ-1999-30,99-0031LR,050-005618,Not Found,Oakmont Partners,,Rezoning to PUD,A-1,11/10/1999,
PZ-1999-32,99-0032LR,050-002402 050-002280 050-001871,Not Found,Sleep Inn Motel,,"M-5 plan, CRCOD plan, & Conditional use to permit motel",L-M-5,11/10/1999,n/a
PZ-1999-33,99-0033LC,,,Columbus Kenworth,4039 Lyman Dr,M-5 plan & Conditional use to permit warehousing,M-5,08/12/1999,n/a
PZ-1999-34,99-0034LC,,,Pickups Plus,4537 Cemetery Rd,CRCOD plan,L-B-5,08/12/1999,n/a
PZ-1999-35,99-0035LC,,,BWA Supply,4501 Sutphen Ct,M-5 plan & Conditional use,M-5,08/12/1999,n/a
PZ-1999-36,99-0036LC,,,Kroger,4656 Cemetery Rd,CRCOD plan,L-B-2,08/12/1999,n/a
PZ-1999-37,99-0037LR,050-007624,4311 - 4345 COSGRAY RD,Hoffman Farms Section 5 Phase 1,,Final plat,PUD (Hoffman Farms),08/12/1999,
PZ-1999-38,99-0038LR,050-007624,4311 - 4345 COSGRAY RD,Hoffman Farms Section 5 Phase 2,,Final plat,PUD (Hoffman Farms),08/12/1999,
PZ-1999-39,99-0039LR,050-007624,4311 - 4345 COSGRAY RD,Hoffman Farms Section 5 Phase 3,,Final plat,PUD (Hoffman Farms),08/12/1999,
PZ-1999-40,99-0040LR,050-007624,4311 - 4345 COSGRAY RD,Hoffman Farms Section 4 Phase 1,,Final plat,PUD (Hoffman Farms),08/12/1999,
PZ-1999-41,99-0041LR,050-007624,4311 - 4345 COSGRAY RD,Hoffman Farms Section 4 Phase 2,,Final plat,PUD (Hoffman Farms),08/12/1999,
PZ-1999-42,99-0042LC,,,"Vanner, Inc.",4282 Reynolds Dr,Temporary classroom trailer,M-5,09/09/1999,
PZ-1999-43,99-0043L,,,,,,,,
PZ-1999-44,99-0044LR,,,Ray's Crossing,5094 Wilcox Rd,Sketch plan,A-1,Reviewed 9/9/99,n/a
PZ-1999-45,99-0045LC,,,AT&T Wireless Services,Northeast clover leaf I-270 & Cemetery Rd,Special permit for telecommunications tower,,10/14/1999,n/a
PZ-1999-46,99-0046LC,050-006381,3325 HILLIARD & ROME RD,Zaring Campbell Company,,Lot split,PUD (Heritage Lakes),10/14/1999,n/a
PZ-1999-47,99-0047LC,050-002081,3325 HILLIARD & ROME RD,Zaring Campbell Company,,Lot split,PUD (Heritage Lakes),10/14/1999,n/a
PZ-1999-48,99-0048LR,,,Multiple properties,Alley between Norwich St & Center St,Right-of-way vacation,B-6,10/14/1999,
PZ-1999-49,99-0049LR,,,Nasco Development,Southwest corner Scioto Darby Rd & Moundview Dr,Lot split,R-6,10/14/1999,n/a
PZ-1999-50,99-0050LR,,,McMurry residence,5796 Lakeview Dr,PUD modification,PUD (Hoffman Farms),10/14/1999,
PZ-1999-51,99-0051LR,,,Wellington Estates,,Preliminary plat,PND,10/14/1999,n/a
PZ-1999-52,99-0052LR,051-000001 052-000023,,Ray's Crossing,5094 Wilcox Rd,Rezoning to R-6,A-1,11/10/1999,
PZ-1999-53,99-0053LR,,,Troyer Tract,,Rezone to PND,A-1,10/14/1999,
PZ-1999-54,99-0054LC,,,United Dairy Farmers (UDF),4640 Cemetery Rd,CRCOD plan & conditional use,L-B-2,12/09/1999,n/a
PZ-1999-55,99-0055LC,,,Pickups Plus,4537 Cemetery Rd,CRCOD plan,L-B-5,10/14/1999,n/a
PZ-1999-56,99-0056L,,,,,,,,
PZ-1999-58,99-0058LC,,,S&G Manufacturing Group,4830 Northwest Pkwy,M-5 plan,M-5,11/10/1999,n/a
PZ-1999-59,99-0059LC,,,Outlook Pointe at Heritage Lakes,3570 Heritage Club Dr,PUD modification,PUD (Heritage Lakes),11/10/1999,
PZ-1999-60,99-0060LC,,,Weston Trail Phase 2,,Final plat,R-2,11/10/1999,
PZ-1999-61,99-0061LC,,,"Micro Electronics, Inc.",4119 Leap Rd,M-5 plan,M-5,11/10/1999,n/a
PZ-1999-62,99-0062LC,,,CSR Pipeliner,4143 Weaver Ct,,,12/09/1999,n/a
PZ-1999-63,99-0063LC,,,Porter Paint Company,3979 Parkway Ln,Conditional use,M-5,12/09/1999,n/a
PZ-1999-64,99-0064LR,,,Checkanoff residence,5007 Brandamore Ct,PUD modification,PUD (Britton Farms),12/09/1999,
PZ-1999-65,99-0065LC,,,Certified Oil Company,4546 Cemetery Rd,CRCOD,L-B-4,01/13/2000,n/a
PZ-1999-66,99-0066LC,,,AT&T Wireless Services,4199 Weaver Court South,Special permit for telecommunications tower,M-5,01/13/2000,n/a
PZ-1999-67,99-0067LR,,,Patch & Baumeister properties,Cosgray Rd,Sketch plan,A-1,Reviewed 2/10/00,n/a
PZ-00-2,00-0001LC,,,Sleep Inn motel,Lyman Dr north of Cemetery Rd,CRCOD & M-5 plan modification,M-5,02/10/2000,n/a
PZ-00-1,00-0002LC,,,Hoffman Trails Elementary School,4301 Hoffman Farms Dr,Final development plan,PUD (Hoffman Farms),02/10/2000,n/a
PZ-00-4,00-0003LR,,,Ansmil West,Davidson Rd & east of Heather Ridge subdivision,Sketch plan,A-1,03/09/2000,n/a
PZ-00-3,00-0004LC,,,"Budget Rent-A-Car (Capital Leasing of Ohio, Inc.)",4740 Cemetery Rd,Conditional use Car & truck rental,B-2,03/09/2000,n/a
PZ-00-5,00-0005LR,,,The Estates at Hoffman Farms Section 1 Phase 1 & 2,Cosgray Rd & Rails to Trails,Final plat,PND (Estates at Hoffman Farms),04/13/2000,
,00-0006LC,,,,,,,,
PZ-00-6,00-0007LC,,,"Tripleforce, Inc.",3979 Parkway Ln,Conditional use,M-5,04/13/2000,n/a
PZ-00-7,00-0008LC,,,Shark's Custom Painting and Bodywork c/o Marek Horcic,4178 Anson Dr,Conditional use transfer from B-2 to M-5,M-5,04/13/2000,
PZ-00-8,00-0009LC,,,Hoffman Trails Elementary School,4301 Hoffman Farms Dr,Final development plan,PUD (Hoffman Farms),04/13/2000,n/a
PZ-00-9,00-0010LC,,,Honda Northwest,3747 Park Mill Run Dr,Final development plan,PUD (Mill Run),05/11/2000,n/a
PZ-00-10,00-0011LC,,,Scioto Valley,4577 Lyman Dr,M-5 plan,M-5,05/11/2000,n/a
PZ-00-11,00-0012LC,,,Trans World Services,4130 Weaver Ct South,Conditional use,M-5,05/11/2000,n/a
PZ-00-12,00-0013LC,,,CVS,Southeast corner Cemetery Rd & Leap Rd,B-5 plan,B-5,,n/a
PZ-00-13,00-0014LC,,,S&G Manufacturing Group,4830 Northwest Pkwy,M-5 plan,M-5,05/11/2000,n/a
PZ-00-16,00-0015LC,,,Lakewood PND,3238 Alton Darby Rd,PND development plan modification,PND (Lakewood),06/08/2000,n/a
,00-0016LC,,,,,,,,
PZ-00-17,00-0017LR,,,Ansmil West,Davidson Rd & east of Heather Ridge subdivision,PUD zoning development plan,A-1,06/08/2000,(Ord. 00-68)
PZ-00-18,00-0018LR,,,George & Parsley properties,3650 & 3680 Leap Rd,Lot split,R-2,06/08/2000,n/a
PZ-00-14,00-0019LC,,,Dublin/Hilliard Family Practice c/o Ketki Parekh Mougey,4384 Davidson Rd,Final development plan,PUD (Britton Farms),06/08/2000,n/a
PZ-00-15,00-0020LR,,,Lakewood Section 2,Alton Darby Rd,Final plat,PND (Lakewood),06/08/2000,
,00-0021LC,,,"Aldi, Inc.","4489, 4483 & 4461 Cemetery Rd",Lot split; CRCOD plan,B-5,10/12/2000,n/a
PZ-00-20,00-0022LC,,,,,,,,
PZ-00-19,00-0023LC,,,Islamic Community Center,Wilcox Rd & Silverton Dr,Final development plan,PND (AI Limited),07/13/2000,n/a
PZ-00-21,00-0024LC,,,Cartwright property,Scioto Darby Rd west of Cosgray Rd,Rezoning to B-4 with Limited Overlay,A-1,,
PZ-00-22,00-0025LC,,,MCI Worldcom,5000 Britton Rd,Special permit communication tower,B-3,07/13/2000,n/a
PZ-00-23,00-0026LC,,,Patch property,4301 & 4359 Cosgray Rd,Sketch plan,A-1,08/10/2000,n/a
PZ-00-24,00-0027LC,,,Kroger,4656 Cemetery Rd,CRCOD plan,B-2,08/10/2000,n/a
PZ-00-25,00-0028LC,,,Hampton Inn Suites Hotel,3950 Lyman Dr,M-5 plan,M-5,09/14/2000,n/a
PZ-00-26,00-0029LC,,,Williams Detroit Diesel Allison,3535 Parkway Ln,M-5 plan,M-5,,n/a
PZ-00-27,00-0030LC,,,Homewood Corporation property,Davidson Rd west of Britton Rd,Lot split,PUD (Britton Farms),09/14/2000,n/a
PZ-00-30,00-0031LR,,,Lakewood Section 3,Alton Darby Rd,Final plat,PND (Lakewood),10/12/2000,
PZ-00-31,00-0032LC,,,Bally Total Fitness,3781 Park Mill Run Dr,Final development plan,PUD (Mill Run),09/14/2000,n/a
PZ-00-28,00-0033LR,,,Patch property PUD,4301 & 4359 Cosgray Rd,PUD zoning development plan,A-1,11/09/2000,(Ord. 00-96)
PZ-00-29,00-0034LC,,,Rich Products Corporation,4600 Northwest Pkwy,M-5 plan,M-5,09/14/2000,n/a
PZ-00-32,00-0035LC,,,"Team Rahal, Inc.",4601 Lyman Dr,Conditional use,M-5,10/12/2000,n/a
PZ-00-33,00-0036LC,,,"Surplus Freight, Inc.",3700 Parkway Ln,Conditional use,M-5,10/12/2000,n/a
PZ-00-34,00-0037LC,,,Sheaf Jentgen Co. & Raef Khoury,3670 Parkway Ln,Conditional use,M-5,10/12/2000,n/a
PZ-00-35,00-0038LC,,,Fastenal Company,4749 Northwest Pkwy,Conditional use,M-5,11/09/2000,n/a
PZ-00-36,00-0039LC,,,All Seasons Spas,4105 Lyman Dr,Conditional use; M-5 plan,M-5,11/09/2000,n/a
PZ-00-37,00-0040LC,,,Advanced Drainage Systems,Soma Company PUD subarea 8 & 10,PUD modification & final development plan,PUD (Soma),11/21/2000,1/8/2001 (00-C-61)
PZ-00-38,00-0041LR,,,Hoffman Farms Section 6 Phase 1,Hoffman Farms Section 6 Phase 1,Final plat,PUD (Hoffman Farms),11/09/2000,
PZ-00-39,00-0042LR,,,Hoffman Farms Section 6 Phase 2,Hoffman Farms Section 6 Phase 2,Final plat,PUD (Hoffman Farms),11/09/2000,
PZ-00-40,00-0043LR,,,Hoffman Farms Section 6 Phase 3,Hoffman Farms Section 6 Phase 3,Final plat,PUD (Hoffman Farms),11/09/2000,
PZ-00-41,00-0044LR,,,Hoffman Farms Section 6 Phase 4,Hoffman Farms Section 6 Phase 4,Final plat,PUD (Hoffman Farms),11/09/2000,
PZ-00-42,00-0045LR,,,Hoffman Farms PUD modification,6015 Farmcreek Dr,PUD modification,PUD (Hoffman Farms),11/09/2000,
PZ-00-43,00-0046LC,,,Roth Construction,3536 Parkway Ln,Conditional use,M-5,11/09/2000,n/a
PZ-00-44,00-0047LR,,,Silverton Farms Section 1,,Final plat,PND (AI Limited),12/14/2000,
PZ-00-45,00-0048LC,,,Heritage Golf Club,3525 Heritage Club Dr,Final development plan modification,PUD (Heritage Lakes),01/11/2001,n/a
PZ-00-46,00-0049LC,,,Islamic Community Center,,Lot split,PND (AI Limited),12/14/2000,n/a
PZ-00-47,00-0050LR,,,Weston Trail Phase 3,,Final plat,R-2,12/14/2000,
PZ-00-48,00-0051LC,,,Bally's Total Fitness,3781 Park Mill Run Dr,Final development plan,PUD (Mill Run),01/11/2001,n/a
PZ-00-49,00-0052LC,,,Deer Park,4235 Leap Rd,M-5 plan modification,M-5,01/11/2001,n/a
PZ-00-50,01-0001LC,,,American Electric Power,4380 Davidson Rd,Rezoning to B-3; special permit for communications tower,A-1,2/8/2001 Special permit denied,
PZ-01-1,01-0002LC,,,S&G Manufacturing,4830 Northwest Pkwy,M-5 plan modification,M-5,04/12/2001,n/a
PZ-01-2,01-0003LC,,,"Valley National Gases, Inc.",4545 Sutphen Ct,Conditional use for ancillary retail,M-5,03/08/2001,n/a
PZ-01-3,01-0004LC,,,Islamic Community Center,5001 Wilcox Rd,Final development plan modification,PND (AI Limited),04/12/2001,n/a
PZ-01-4,01-0005LR,,,Silverton Farms Section 2,Wilcox Rd,Final plat,PND (AI Limited),05/10/2001,
PZ-01-5,01-0006LR,,,Silverton Farms Section 3,Wilcox Rd,Final plat,PND (AI Limited),05/10/2001,
PZ-01-6,01-0007LC,,,,,,,,
PZ-01-8,01-0008LR,050-007701 050-008784,Not Found,Lakewood Section 1,3238 Alton Darby Rd,Final plat,PND (Lakewood),06/14/2001,
PZ-01-9,01-0009LC,050-003400,4363 LYMAN DR,Ferguson Enterprises,4363 Lyman Dr,M-5 plan modification,M-5,05/10/2001,n/a
PZ-01-7,01-0010LR,050-008935 050-008937,Not Found,Village at Homestead Condos,Cosgray Rd,Final development plan,PUD (Patch),05/10/2001,n/a
PZ-01-10,01-0011LC,050-008968 050-003283 050-008362 050-008263 050-008264 050-003043,SCIOTO RUN BL; 4501 COSGRAY RD; CROSGRAY RD; 4530 GENEROSITY WY,"Soma PUD Subareas 1,2,3, 3b,6 & 8","Soma PUD Subareas 1,2,3, 3b,6 & 8",PUD modification,PUD (Soma),Denied 7/12/2001,
PZ-01-11,01-0012LC,050-002801 050-002869 050-002870,NORTHWEST PW; 4600 NORTHWEST PW,Rich Products Corporation,4600 Northwest Pkwy,M-5 plan modification,M-5,06/14/2001,n/a
PZ-01-15,01-0013LC,050-003214,3799 PARKWAY LN,Sterling Protective Services,Parkway Ln,M-5 plan,M-5,07/12/2001,n/a
PZ-01-14,01-0014LC,050-007624,4311 - 4345 COSGRAY RD,Goddard School,4249 Cosgray Rd,Final development plan,PUD (Hoffman Farms),07/12/2001,n/a
PZ-01-12,01-0015LR,200-000700 050-200001130,Not Found,Furey property,4352 & 4356 Dublin Rd,Zoning classification R-1a,Rural (Twp),07/12/2001,
PZ-01-13,01-0016LC,200-002708,,Hilliard Ohio Soccer Association,Scioto Darby Rd,Zoning classification S-1,Rural (Twp),07/12/2001,
PZ-01-16,01-0017LC,050-002990,4271 WEAVER CT,Everdry Waterproofing,4271 Weaver Ct North,M-5 plan,M-5,08/09/2001,n/a
PZ-01-17,01-0018LR,050-006171,MELBURY DR,Woods of the Scioto,Woods of the Scioto PND,PND modification,PND (Woods of the Scioto),08/09/2001,n/a
PZ-01-18,01-0019LC,050-007624,4311 - 4345 COSGRAY RD,Goddard School,4249 Cosgray Rd,PUD modification,PUD (Hoffman Farms),09/13/2001,11/26/2001 (01-C-52)
PZ-01-19,01-0020LC,050-005613,5600 - 5900 SCIOTO DARBY RD,Hilliard Darby High School,4200 Leppert Rd,Special permit for communications tower,S-1,09/13/2001,n/a
PZ-01-20,01-0021LR,050-009194,MORGANWOOD SQ,Lakewood PND Reserve G,Lakewood PND Reserve G,PND modification,PND (Lakewood),09/13/2001,n/a
PZ-01-21,01-0022LR,050-000009,WESTBROOK DR,The Vinings,5075 Wilcox Rd,PND modification,PND (AI Limited),09/13/2001,n/a
PZ-01-22,01-0023LC,050-002969,3201 HILLIARD & ROME RD,Three C Body Shop,3221 Hilliard Rome Rd,Conditional use,B-4,Denied 10/11/2001,n/a
PZ-01-23,01-0024LR,052-000008 052-000007,,Silverton Farms Section 2 Phase 1 and Phase 2,5001 Wilcox Rd,Final plat,PND (AI Limited),10/11/2001,
PZ-01-24,01-0025LC,050-002859 050-003737,3690 LACON RD,"Discon Services, Inc.",3690 Lacon Rd,Deed transfer,M-5,10/11/2001,n/a
PZ-01-25,01-0026LC,050-007350,3861 PARK MILL RUN,TGI Friday's,3861 Park Mill Run Dr,Final development plan modification,PUD (Mill Run),11/08/2001,n/a
PZ-01-26,01-0027LR,050-008935 050-008937,Not Found,Village at Homestead Park Section 1 Phase 1,4359 & 4301 Cosgray Rd,Final plat,PUD (Patch),11/08/2001,
PZ-01-27,01-0028LC,050-003737,Not Found,"Discon Services, Inc.",3690 Lacon Rd,Rezoning to M-5,M-3,12/13/2001,
PZ-01-28,01-0029LC,050-002872,Not Found,Mid-Ohio Development Corporation,4673-4701 Northwest Pkwy,Deed transfer,M-5,12/13/2001,n/a
PZ-01-29,01-0030LC,050-003045 050-003058,4283 DAVIDSON RD,Norwich Township Fire Station,SE corner Davidson Rd & Trueman Blvd,Lot split; final developent plan,PUD (Soma),01/10/2002,n/a
PZ-01-30,01-0031LC,050-000088,Not Found,American Legion Post 614,5320 Cemetery Rd,Deed transfer,B-2,01/10/2002,n/a
PZ-01-33,01-0034LC,n/a,,Zoning Code Amendment Part Eleven,n/a,Zoning code amendment,n/a,08/08/2002,
PZ-01-34,01-0035LC,050-000003 052-000007 052-000009,4036 COLUMBIA ST,AI Limited PND,5001 Wilcox Rd,PND modification,PND (AI Limited),Denied 3/14/2002,n/a
PZ-01-35,01-0036LC,050-007276,3883 PARK MILL RUN DR,Chili's Restaurant,3883 Park Mill Run Dr,PUD modification,PUD (Mill Run),02/14/2002,
PZ-02-1,02-0001LC,050-002990,4271 WEAVER CT,Everdry Waterproofing,4271 Weaver Ct North,M-5 plan,M-5,02/14/2002,n/a
PZ-02-2,02-0002LR,050-008784,Not Found,Lakewood Section 4,Lakewood Section 4,Final plat,PND (Lakewood),03/14/2002,
PZ-02-3,02-0003LC,050-002801,NORTHWEST PW,Rich Products Corporation,4600 Northwest Pkwy,M-5 plan modification,M-5,03/14/2002,n/a
PZ-02-4,02-0004LR,050-002320 050-002319 050-002283 050-002361 050-002362 050-002321 050-002360,JEANNETTE RD; 4779 JEANNETTE RD; LEAP RD; 4787 JEANNETTE RD,Lee & Arnold properties,4779 & 4787 Jeannette Rd,Sketch plan,R-3 & R-4,Denied 3/14/2002,n/a
PZ-02-5,02-0005LC,050-003009 050-003264 050-003278,3932 BROWN PARK DR,Life Community Church,4400 Cemetery Rd,Rezoning to B-3,M-5,04/11/2002,7/22/2002 (Ord. 02-27 (Amended)
PZ-02-6,02-0006LC,050-009210,4473 - 4485 CEMETARY RD,Evergreen Restaurant,4483 Cemetery Rd,Informal review,B-5,3/14/2002 Discussion only,n/a
PZ-02-7,02-0007LC,050-007624,4311 - 4345 COSGRAY RD,Hoffman Farms PUD commercial subarea,4249 Cosgray Rd,Lot split / deed transfer,PUD (Hoffman Farms),04/11/2002,n/a
PZ-02-8,02-0008LC,050-002871,4731 - 4751 NORTHWEST PW,Buckeye Distributing,4160 Weaver Ct South,Conditional use,M-5,04/11/2002,n/a
PZ-02-9,02-0009LC,050-003191,3919 PARKWAY LN,George Guffey property,3919 Parkway Ln,Conditional use,M-5,04/11/2002,n/a
PZ-02-10,02-0010LC,050-002409,Not Found,Evergreen Restaurant,4483 Cemetery Rd,CRCOD plan; B-5 plan,B-5,Denied 4/11/2002,n/a
PZ-02-11,02-0011LR,050-008358,Not Found,Hoffman Farms Section 7 Phase 1,Cosgray Rd,Final plat,PUD (Hoffman Farms),05/09/2002,
PZ-02-12,02-0012LR,050-008358,Not Found,Hoffman Farms Section 7 Phase 2,Cosgray Rd,Final plat,PUD (Hoffman Farms),05/09/2002,
PZ-02-13,02-0013LR,050-002321 050-002320 050-002319 050-002283 050-002360 050-002361 050-002362,4787 JEANNETTE RD; JEANNETTE RD; 4779 JEANNETTE RD; LEAP RD,Lee & Arnold properties; Westward Partners LLC,4779 Jeanette Rd,PND development plan,R-3 & R-4,Denied 5/9/2002,
PZ-02-14,02-0014LC,050-003191,3919 PARKWAY LN,The Cheer Leader,3919 Parkway Ln,Conditional use,M-5,06/13/2002,n/a
PZ-02-15,02-0015LC,050-000272 050-000288,5093 CEMETERY RD; 5105 CEMETERY RD,David Stanley properties,5105 Cemetery Rd,CRCOD plan,B-1,8/8/02 Tabled indefinitely,n/a
PZ-02-16,02-0016LR,050-008358,Not Found,Hoffman Farms Section 8,Cosgray Rd,Final plat,PUD (Hoffman Farms),07/18/2002,
,02-0017LC,050-000249,Not Found,The Madison Mercantile,3966 Main St,Conditional use transfer from B-6 to B-3,B-3,Withdrawn 7/18/2002,n/a
PZ-02-17,02-0018LR,050-004421,2724 FIELD POST CT,Azelvandre residence,2724 Field Post Ct,PND modification,PND (Brookfield Village),07/18/2002,n/a
PZ-02-18,02-0019LC,050-002895,3660 PARKWAY LN,Mahogany Plus,"3670 Parkway Ln Suite D, E, F",Conditional use,M-5,08/08/2002,n/a
PZ-02-19,02-0020LR,052-00043,,The Vinings,5029 Vinington Pl,PND modification,PND (AI Limited),08/08/2002,n/a
PZ-02-20,02-0021LC,050-009478,6044 PARK MEADOW LN,Joe Joseph property,6044 Parkmeadow Ln,Final development plan,PUD (Hoffman Farms),09/24/2002,n/a
PZ-02-21,02-0022LC,n/a,,Chakeres property,Franklin St & Grant St,Right-of-way vacation,n/a,08/08/2002,
PZ-02-22,02-0023LC,050-002798,3950 LYMAN DR,Hampton Inn,3950 Lyman Dr,CRCOD plan,M-5,08/08/2002,n/a
PZ-02-23,02-0024LR,050-007701 050-008784,Not Found,Lakewood Section 5,Alton Darby Rd,Final plat,PND (Lakewood),09/12/2002,
PZ-02-24,02-0025LC,n/a,,Zoning Code Amendment Sections 1107.01; 1111.07; 1123.01 & 1133.01,n/a,Zoning code amendment,n/a,08/08/2002,8/29/2002 (Ord. 02-44 Amended)
PZ-1,02-0026LC,,,Makoy Center & New Life Church,5462 Center St,Transfer of permitted from B-3 to B-6,B-6,08/08/2002,
PZ-02-25,02-0027LC,050-002081,HERITAGE CLUB DR REAR,World Gym,3440 Heritage Club Dr,Final development plan,PUD (Heritage Lakes),12/12/2002,n/a
PZ-02-26,02-0028LC,050-001324,4570 EDGEWYN AVE,First Choice Automotive,4570 Edgewyn Ave,Transfer of conditional use from B-2 to M-5,M-5,09/12/2002,
PZ-02-27,02-0029LC,050-003214,3799 PARKWAY LN,Sterling Protective Services,3799 Parkway Ln,M-5 plan,M-5,10/10/2002,n/a
PZ-02-28,02-0030LR,050-007084,6155 HERITAGE POINT CT,Hoffman residence,6155 Heritage Point Ct,PUD modification,PUD (Heritage Lakes),09/12/2002,
PZ-02-29,02-0031LC,050-006545,4949 EDWARDS FARMS RD,Wolpert property Trueman Blvd,Davidson Rd,Preliminary plat,B-3,Withdrawn,n/a
PZ-02-30,02-0032LC,050-00,,YMCA of Central Ohio,Cosgray Rd,Conditional use; final development plan,PUD (Patch),10/10/2002 11/12/02 Re- consideration,n/a
PZ-02-31,02-0033LC,050-002875,3700 PARKWAY LN,"All Star Sports, Inc.",3700 Parkway Ln,Conditional use,M-5,09/12/2002,n/a
PZ-02-32,02-0034LC,050-002401,4810 CEMETERY RD,M&K Investments,4810 Cemetery Rd,Amend limited overlay,L-B-3,10/10/2002 Postponed to time uncertain,
PZ-02-33,02-0035LC,050-000210,Not Found,Scherman property,5289 Franklin St,Conditional use transfer from B-6 to M-2,M-2,12/12/2002,
,02-0036LR,050-004506,2696 WESTWIND CT,Falardeau residence,2696 Westwind Ct,PND modification,PND (Brookfield Village),11/12/2002,n/a
,02-0037LR,050-009525,Not Found,Village at Homestead Park Section 1 Phase 2,4359 & 4301 Cosgray Rd,Final plat,PUD (Patch),05/08/2003,
,02-0038LR,050-004447,5566 SANDBROOK LN,Daily residence,5566 Sandbrook Ln,PND modification,PND (Brookfield Village),11/12/2002,n/a
,02-0039LR,050-008216,5710 HERITAGE LAKES DR,Fernandez residence,5710 Heritage Lakes Dr,PUD modification,PUD (Heritage Lakes),12/12/2002,
,02-0040LC,050-007016,3781 PARK MILL RUN DR,ITT Technical Institute,3781 Park Mill Run Dr,PUD modification,PUD (Mill Run),12/12/2002,12/23/2002 (02-C-57)
,02-0041LC,050-006676,4130 LYMAN DR,Dupont Powder Coatings USA,4130 Lyman Dr,M-5 plan,M-5,12/12/2002,n/a
,02-0042LC,050-000094 050-000095 050-000142 050-000143,4002 MAIN ST; 4004 MAIN ST; 5340 FRANKLIN ST; MAIN ST,Pesaru property,5340 Franklin St,Conditional use; mixed occupancy,B-6,12/12/2002,n/a
,02-0043LC,050-003030,4840 DAVIDSON RD,Wolpert property,4786 Davidson Rd,Deed transfer,B-3,01/09/2003,n/a
,02-0044LR,050-006966,3747 CARRIAGE RUN DR,Robinson residence,3747 Carriage Run Rd,PND modification,PND (Carriage Run),,
,02-0045LC,050-003285,3900 LYMAN DR,McDonald's restaurant,3900 Lyman Dr,M-5 plan modification,M-5,01/09/2003,n/a
,02-0046LC,050-007624 050-009477 050-009478,4311 - 4345 COSGRAY RD; 6074 PARK MEADOW LN; 6044 PARK MEADOW LN,Trec Development Inc. & Joe Joseph,Cosgray Rd & Parkmeadow Ln,PUD modification,PUD (Hoffman Farms),01/09/2003,2/10/2003 (03-C-05)
,03-0001LC,,,,,,,,
PZ-03-1,03-0002LC,050-002083,3555 MAIN ST,Bruster's Ice Cream,3555 Main St,Conditional use,B-2,Withdrawn,n/a
PZ-03-2,03-0003LC,050-003043 050-003283 050-008362,4530 GENEROSITY WY,Home Depot,Soma Company PUD Subarea 1,Final development plan,PUD (Soma),04/10/2003,n/a
PZ-03-4,03-0004LC,050-002410,4501 CEMETERY RD,"Rennob, Inc.",4501 Cemetery Rd,Informal review of a CRCOD plan,B-5,02/13/2003,n/a
PZ-03-5,03-0005LC,n/a,,Zoning Code Amendment,"Part Eleven - Chapters 1173, 1107, 1177, 1179, 1181 & 1183",Zoning code amendment,n/a,04/10/2003,5/24/2004 (Ord. 04-22)
PZ-03-3,03-0006LC,,,,,,,,
PZ-03-6,03-0007LC,050-000191 050-000109 050-000283 050-002981 050-000087 050-000240 050-000192 050-000193,3840 MAIN ST; 3860 MAIN ST; 3854 - 3870 MAIN ST; 5390 CEMETERY RD; 5321 CEMETERY RD; 5374 CEMETERY RD,"S-J Investments, et al",3840 Main St,Rezoning to B-6,"B-2; B-4, R-2",05/08/2003,
PZ-03-7,03-0008LC,050-000460 050-000127 050-000459 050-000461 050-000462 050-000463 050-000464 050-000465 050-000466 050-000863,5398 SCIOTO DARBY RD,"Salts, et al. properties",5393 Cemetery Rd,Rezoning to B-6,"B-2; B-4, R-2",05/08/2003,
PZ-03-8,03-0009LC,050-003205,4643 TRUEMAN BL,The Four Seasons,4355 Davidson Rd,Conditional use,B-3,03/13/2003,n/a
PZ-03-9,03-0010LC,200-001844 200-002679 200-000246 200-003696,,Grener properties & Lutheran Church property,South of Hayden Run Rd between Leppert Rd & Cosgray Rd,Rezoning to S-1,A-1,04/29/2003,
PZ-03-10,03-0011LC,050-007274,3641 - 3681 FISHINGER BL,"USPG Portfolio One, LLC",3600 Park Mill Run Dr,PUD modification,PUD (Mill Run),Withdrawn,n/a
PZ-03-11,03-0012LC,050-003043 050-003283 050-008362 050-008363 050-000580,4530 GENEROSITY WY; 5099 MENGEL LN,Soma Company PUD,,Final plat,PUD (Soma),04/10/2003,
PZ-03-12,03-0013LC,050-009086,4392 DAVIDSON RD,Enchanted Care Learning Center,4394 Davidson Rd,Conditional use; final development plan,PUD (Britton Farms),04/10/2003,n/a
PZ-03-13,03-0014LC,050-009383,3690 - 3720 LACON RD,Enterprise Rent-A-Car,3700-3720 Lacon Rd,Conditional use,M-5,04/10/2003,n/a
PZ-03-14,03-0015LC,050-002884,3550 PARKWAY LN,"Weber Holdings, Ltd. Property",3550 Parkway Ln,Conditional use; M-5 plan modification,M-5,04/10/2003,n/a
PZ-03-15,03-0016LC,050-001331,5017 CEMETERY RD,Rockbridge Academy,5017 Cemetery Rd,Conditional use,B-3,5/8/03 Tabled indefinitely,n/a
PZ-03-16,03-0017LC,050-002403,4537 CEMETERY RD,"Solid Ground Land Company, LLC",4537 Cemetery Rd,Lot split,B-5,05/08/2003,n/a
PZ-03-17,03-0018LR,050-008932,5724 SCHOOLWAY DR,Rodgers residence,5724 Schoolway Dr,PUD modification,PUD (Hoffman Farms),05/08/2003,
PZ-03-18,03-0019LR,052-000009,,AI Limited PND,5001 Wilcox Rd,PND modification,PND (AI Limited),05/08/2003,n/a
PZ-03-19,03-0020LR,050-002355 050-002356 050-002834,4788 JEANNETTE RD,Bender properties,Jeanette Rd,Deed transfer,R-4,06/12/2003,n/a
PZ-03-20,03-0021LR,050-000043,4080 WAYNE ST,"The Vinings, Ltd.",5029 Vinington Pl,PND modification,PND (AI Limited),06/12/2003,n/a
PZ-03-21,03-0022LR,050-003920,4995 RADSTOCK CT,Walker residence,4995 Radstock Ct,PND modification,PND (Hayden Run Village),07/10/2003,n/a
PZ-03-22,03-0023LR,052-000009,,Silverton Farms,5075 Wilcox Rd,PND modification,PND (AI Limited),07/10/2003,n/a
PZ-03-23,03-0024LC,050-003043,4530 GENEROSITY WY,Soma Company PUD,Soma Company PUD,Lot split / deed transfer,PUD (Soma),07/10/2003,n/a
PZ-03-24,03-0025LC,050-003043,4530 GENEROSITY WY,Target,Soma Company PUD Subarea 2,Final development plan,PUD (Soma),,n/a
PZ-03-25,03-0026LC,050-003727,4105 LYMAN DR,All Seasons Spas,4105 Lyman Dr,M-5 plan modification,M-5,07/10/2003,n/a
PZ-03-26,03-0027LR,050-005664,4638 MOSSROCK DR,Shoemaker residence,4638 Mossrock Dr,PUD modification,PUD (River Landings),07/10/2003,n/a
PZ-03-27,03-0028LC,050-005621,6300 SCIOTO DARBY RD,Maxwell property,6400 Scioto Darby Rd,Rezoning to B-2,A-1,Denied 10/9/2003,
PZ-03-28,03-0029LC,050-002884,3550 PARKWAY LN,"Columbus Custom Vinyl, LLC",3550 Parkway Ln,M-5 plan modification; conditional use,M-5,08/14/2003,n/a
PZ-03-29,03-0030LC,050-003237,3979 - 3981 PARKWAY AVE,Car Quest Auto Parts,3981 Parkway Ln,M-5 plan modification; conditional use,M-5,08/14/2003,n/a
PZ-03-30,03-0031LC,050-002404,Not Found,Dr. Sehgal & Associates,4519 Cemetery Rd,CRCOD plan,B-5,08/14/2003,n/a
PZ-2,03-0032LR,050-005432,3789 HILLIARD CEMETERY RD,Burdge property,3789 Cemetery Rd,Zoning classification R-1,RR (County),09/11/2003,
,03-0033LR,050-008934 050-008661,3738 HILLIARD-CEMETERY RD; 3764 HILLIARD-CEMETERY RD,Schonhardt property,3750 Cemetery Rd,Zoning classification R-1,RR (County),09/11/2003,
,03-0034LR,050-004002,4643 SCHIRTZINGER RD,Ernst property,4643 Schirtzinger Rd,Zoning classification R-1a,RR (County),10/09/2003,
PZ-03-31,03-0035LR,050-006135,3176 MELBURY DR,Berger property,3176 Melbury Dr,PND modification,PND (Woods of the Scioto),9/11/03 Tabled indefinitely,n/a
PZ-03-32,03-0036LR,050-006136,3166 MELBURY DR,Berger property,3166 Melbury Dr,PND modification,PND (Woods of the Scioto),9/11/03 Tabled indefinitely,n/a
PZ-03-33,03-0037LC,050-009210,4473 - 4485 CEMETARY RD,"Aldi, Inc. outparcel",4483 Cemetery Rd,CRCOD plan,B-5,09/11/2003,n/a
PZ-03-35,03-0038LC,050-009478,6044 PARK MEADOW LN,Joe Joseph Dentist Office,6044 Parkmeadow Ln,Final development plan,PUD (Hoffman Farms),09/11/2003,n/a
PZ-03-34,03-0039LC,050-000868,4162 COLUMBIA ST,Northwest Historical Society,Weaver Park,Significant architectural changes,B-6,09/11/2003,n/a
PZ-03-36,03-0040LC,050-002872,Not Found,Mid-Ohio Development Corp. Northwest Complex,4673 Northwest Pkwy,M-5 plan modification,M-5,10/09/2003,n/a
PZ-03-37,03-0041LR,050-009933,TRUEMAN BL,Central Park Ltd. Property (formerly known as Salyer property),"North side of Cemetery Rd approximately 1,500 feet west of Smiley Rd",Zoning classification R-R,Rural (County),10/09/2003,
PZ-03-38,03-0042LC,050-008936,Not Found,Baumeister property,4411 Cosgray Rd,Zoning classification A-1,Rural (County),10/09/2003,
PZ-03-39,03-0043LC,050-002410,4501 CEMETERY RD,Champaign Bank,4501 Cemetery Rd,CRCOD plan,B-5,11/13/2003,
PZ-03-40,03-0044LC,050-009928,4211 TRUEMAN BL,Target,Soma Company PUD Subarea 2,Lot split; final development plan,PUD (Soma),01/08/2004,n/a
PZ-03-41,03-0045LC,050-003009,3932 BROWN PARK DR,Life Community Church,4400 Cemetery Rd,Conditional use,B-3,Denied 11/13/2003,n/a
PZ-03-42,03-0046LC,050-002266,4000 PARKWAY LN,Sports Imports,4000 Parkway Ln,CRCOD plan; M-5 plan; conditional use,M-5,11/13/2003,n/a
PZ-03-43,03-0047LC,050-002081,HERITAGE CLUB DR REAR,HER Realtors,Northwest corner of Main St & Heritage Club Dr,Lot split; final development plan,PUD (Heritage Lakes),12/13/2003,n/a
PZ-03-44,03-0048LC,050-005621 050-005623,6300 SCIOTO DARBY RD; 6304 - 6356 SCIOTO DARBY RD,Maxwell & Talmage properties,6400 Scioto Darby Rd,Rezoning to B-2,A-1,B-5 1/8/04,
PZ-03-45,03-0049LC,050-002805,4964 SCIOTO DARBY RD,Sachs property,4964 Scioto Darby Rd,Conditional use,B-4,01/08/2004,n/a
PZ-04-1,04-0001LC,050-002410,4501 CEMETERY RD,Champaign Bank,4501 Cemetery Rd,Lot splilt,B-5,02/12/2004,n/a
PZ-04-2,04-0002LC,050-002881 050-002268,3650 PARKWAY DR,Ares Sportswear,3650 Parkway Ln,M-5 plan modification,M-5,03/11/2004,n/a
PZ-04-3,04-0003LC,050-000462 050-000465,5398 SCIOTO DARBY RD,"Salts, German, Manente, Kistner, and Hutras LLC properties",Cemetery Rd & High School Drive,Rezoning to B-6,R-2 & B-4,04/08/2004,
PZ-04-4,04-0004LC,050-006676,4130 LYMAN DR,"Dupont Powder Coatings USA, Inc.",4130 Lyman Dr,M-5 plan modification,M-5,03/11/2004,n/a
PZ-04-5,04-0005LR,050-008665 050-008381 050-009825 thru 050-009896,6089 JEFFRELYN DR; 6144 JEFFRELYN DR,The Estates at Hoffman Farms,The Estates at Hoffman Farms subdivsion,PND modification,PND (The Estates at Hoffman Farms),03/11/2004,n/a
PZ-04-6,04-0006LC,050-009383,3690 - 3720 LACON RD,Enterprise Rent A Car,3720 Lacon Rd,M-5 plan modification,M-5,03/11/2004,n/a
PZ-04-7,04-0007LR,050-000089,3941 COLUMBIA ST,Brantley property,3941 Columbia St,Conditional use,B-6,Withdrawn,n/a
PZ-04-8,04-0008LC,050-002895,3660 PARKWAY LN,Sheaf Jentgen Company LP,3670 Parkway Ln,Conditional use,M-5,03/11/2004,n/a
PZ-04-9,04-0009LC,050-006378,3525 HERITAGE CLUB DR,Heritage Golf Club,3525 Heritage Club Dr,Final developent plan modification,PUD (Heritage Lakes),06/10/2004,n/a
PZ-04-10,04-0010LC,050-003061,4001 DAVIDSON RD,Regula property,4001 Davidson Rd,Rezoning to PUD,A-1,04/08/2004,
PZ-04-11,04-0011LC,050-002309,4655 JEANNETTE RD,Coury property,4655 Jeanette Rd,Lot splilt,R-4,04/08/2004,n/a
PZ-04-12,04-0012LC,050-002086,Not Found,Nations Rent,5274 Cemetery Rd,CRCOD plan,B-2,05/13/2004,n/a
PZ-04-13,04-0013LC,050-003869 050-003870 050-003871 050-003873 050-003874 050-009943 050-009944 050-009952 050-009957 050-009960,HAYDEN RUN RD; 5100 HAYDEN RUN RD,Britton Central PUD,Hayden Run Rd & Britton Rd,PUD Zoning developent plan,A-1; B-3; R-1; R-2; R-6; R-R,07/08/2004,12/13/04 (Ord. 04-48)
PZ-04-14,04-0014LC,050-009209,4453 - 4489 CEMETERY RD,Hilliard Retail Center,4489 Cemetery Rd,CRCOD plan,B-5,05/13/2004,n/a
PZ-04-15,04-0015LC,050-009952 050-009944,5100 HAYDEN RUN RD,Trueman LP property,,Lot split / deed transfer,B-3,05/13/2004,n/a
PZ-04-16,04-0016LC,050-003001,3808 LACON RD REAR,Perrotta's Marble Shop,3808 Lyman Dr,Conditional use & M-5 plan,M-5,05/13/2004,n/a
PZ-04-17,04-0017LC,050-005621 050-005623,6300 SCIOTO DARBY RD; 6304 - 6356 SCIOTO DARBY RD,Darby Town Center,Northwest corner of Scioto Darby Rd & Cosgray Rd,Final development plan,A-1,05/13/2004,
PZ-04-18,04-0018LC,050-007624,4311 - 4345 COSGRAY RD,Cosgray Neighborhood Retail Center,Cosgray Rd,Final development plan,PUD (Hoffman Farms),07/08/2004,n/a
PZ-04-19,04-0019LC,050-009929,Not Found,Soma Company PUD Subarea 3,Soma Company PUD Subarea 3,PUD modification,PUD (Soma),04/14/2005,
PZ-04-20,04-0020LC,,,,,,,,
PZ-04-21,04-0021LC,050-009944,5100 HAYDEN RUN RD,Trueman LP property,West side of I-270 at the northern boundary of the City of Hilliard,Lot split / deed transfer,B-3,07/08/2004,n/a
PZ-04-22,04-0022LC,050-006545,4949 EDWARDS FARMS RD,"Wolpert Enterprises, Ltd.",Northeast corner of Davidson Rd and I-270,Preliminary plat for Trueman Blvd,B-3,07/08/2004,
PZ-04-23,04-0023LC,050-002887,3970 - 4138 WEAVER CT EAST,"Northwest Complex, Inc.",4090 Weaver Court South,M-5 plan,M-5,07/08/2004,n/a
PZ-04-24,04-0024LC,050-000249 050-000050,Not Found,Mizpah Fund II Ltd. Property,3966 Main St 5395 Madison St,CRCOD plan; conditional use,B-3,03/10/2005,n/a
PZ-04-25,04-0025LC,050-005429,Not Found,River Park 4 subdivision,3000 Davidson Rd,Preliminary plat,R-3,08/12/2004,
PZ-04-26,04-0026LC,050-009925,3931 - 3939 TRUEMAN BL,Central Park Retail Center,Outlot 2,Lot split / deed transfer,PUD (Soma),11/10/04 Tabled indefinitely,n/a
PZ-04-27,04-0027LC,050-008383,Not Found,Trails Edge,4520 Cosgray Rd,PUD Zoning developent plan,A-1,09/09/2004,
PZ-04-28,04-0028LR,050-008665,Not Found,Estates at Hoffman Farms Section 2 Phase 1,Cosgray Rd,Final plat,PND (The Estates at Hoffman Farms),09/09/2004,
PZ-04-29,04-0029LR,050-008381 050-008665,Not Found,Estates at Hoffman Farms Section 2 Phase 2,Cosgray Rd,Final plat,PND (The Estates at Hoffman Farms),09/09/2004,
PZ-04-30,04-0030LR,050-008381,Not Found,Estates at Hoffman Farms Section 2 Phase 3,Cosgray Rd,Final plat,PND (The Estates at Hoffman Farms),09/09/2004,
PZ-04-31,04-0031LR,050-008381,Not Found,Estates at Hoffman Farms Section 2 Phase 4,Cosgray Rd,Final plat,PND (The Estates at Hoffman Farms),09/09/2004,
PZ-04-32,04-0032LR,050-008381,Not Found,Estates at Hoffman Farms Section 2 Phase 5,Cosgray Rd,Final plat,PND (The Estates at Hoffman Farms),09/09/2004,
PZ-04-33,04-0033LC,050-002426,4555 CEMETERY RD,Ackerson Eyecare,4555 Cemetery Rd,CRCOD plan,B-5,10/14/2004,n/a
PZ-04-34,04-0034LC,050-004802,Not Found,Weston Trail Phase 3B,,Final plat,R-2 & B-4,10/14/2004,
PZ-04-35,04-0035LC,050-009925,3931 - 3939 TRUEMAN BL,Cheeseburger in Paradise,Central Park Lot 1,Final development plan,PUD (Soma),10/14/2004,n/a
PZ-04-37,04-0036LC,050-002880,3649 PARKWAY LN,Laserflex Corporation,3649 Parkway Ln,M-5 plan modification,M-5,10/14/2004,n/a
PZ-04-38,04-0037LC,050-009962,RESERVE A,AI Limited PND,Northwest corner of Noor Dr & Wilcox Rd,PND modification,PND (AI Limited),11/10/2004,n/a
PZ-04-36,04-0038LC,050-009925,3931 - 3939 TRUEMAN BL,Central Park Lot 1,Central Park Lot 1,Lot split / deed transfer,PUD (Soma),10/14/2004,n/a
PZ-04-39,04-0039LC,050-002428,Not Found,Lisk property,4832 Cemetery Rd,Rezoning to L-B-3,R-3,11/10/2004,4/14/2005 (Ord. 04-79)
PZ-04-40,04-0040LC,050-008261,Not Found,Ansmil West,,Final plat,PUD (Ansmil West),11/10/2004,
PZ-04-41,04-0041LC,050-008254 050-008255 050-008256 050-008257 050-008261,4501 DAVIDSON RD; ANSON DR; 4674 BRITTON PW,Ansmil PUD,Ansmil PUD,Extension of time limit,PUD (Ansmil),11/10/2004,
,04-0042LC,VOID,,VOID,VOID,VOID,VOID,VOID,VOID
PZ-04-42,04-0043LC,050-003296,4078 - 4140 ANSON DR,Rainbow Development,4158 Anson Dr,M-5 plan,M-5,12/09/2004,n/a
PZ-04-43,04-0044LC,050-002875,3700 PARKWAY LN,Sheaf Jentgen Company LP,3700 Parkway Ln,Conditional use,M-5,11/10/2004,n/a
PZ-04-44,04-0045LR,050-003111,4268 SHIRE COVE RD,Petty residence,4268 Shire Cove Rd,Lot split / deed transfer,R-R,12/09/2004,n/a
PZ-04-45,04-0046LC,050-002164,3685 MAIN ST,McDonald's,3685 Main St,Conditional use,B-2,12/09/2004,n/a
PZ-04-46,04-0047LC,050-002815,4001 BRITTON PW,First Industrial LP property,4300 Cemetery Rd,PUD Zoning developent plan,M-5,Withdrawn,n/a
PZ-04-47,04-0048LC,050-000258 050-000263,5151 CENTER ST; 5151 NORWICH ST,Thrash property,5151 Norwich St,Conditional use,B-6,12/09/2004,n/a
PZ-04-48,04-0049LR,050-005429,Not Found,River Park Section 4 subdivision,Northwest corner of Davidson Rd & Dublin Rd,Final plat,R-3,01/13/2005,
PZ-04-49,04-0050LC,050-004730 050-009925 050-009933 050-010113,3931 - 3939 TRUEMAN BL; TRUEMAN BL; 4099 TRUEMAN BL,Central Park,Soma Company PUD Subarea 1,PUD modification,PUD (Soma),01/13/2005,
PZ-04-50,04-0051LC,050-003043 050-009208 050-003058 050-003039 050-003040,4530 GENEROSITY WY; 4640 TRUEMAN BL; 4283 DAVIDSON RD; 4653 TRUEMAN BL; 4355 DAVIDSON RD,Trueman Boulevard North Phase 2,Soma Company PUD,Final plat,PUD (Soma),01/13/2005,
PZ-04-51,04-0052LC,050-003396,4235 LEAP RD,Ice Mountain,4235 Leap Rd,M-5 plan modification,M-5,01/13/2005,n/a
PZ-05-1,05-0001LC,050-002981 050-000283,3854 - 3870 MAIN ST,Main Street Station,3860-3870 Main St,Conditional use,B-4,02/10/2005,n/a
PZ-05-2,05-0002LC,050-010127,4507 CEMETERY RD,Avery Road Animal Hospital,4507 Cemetery Rd,Final development plan,B-5,03/10/2005,n/a
PZ-05-3,05-0003LC,050-009925,3931 - 3939 TRUEMAN BL,Central Park Retail,3961 Trueman Blvd,"Lot split, final development plan & Signage plan",PUD (Soma),3/10/2005 (lot split & final development plan) 6/9/2005 (signage plan),n/a
PZ-05-4,05-0004LC,050-002887,3970 - 4138 WEAVER CT EAST,Northwest Complex,Weaver Ct South,Lot split,M-5,03/10/2005,n/a
PZ-05-5,05-0005LC,050-000127 050-000459 050-000460 050-000461 050-000462 050-000463 050-000863,Not Found,Walgreens,Cemetery Rd & Main St,CRCOD; Conditional use; Sign variance,B-6,11/10/2005,n/a
PZ-05-6,05-0006LC,050-002871,4731 - 4751 NORTHWEST PW,Hong Kong Buffet,4170 Weaver Ct South,Conditional use,M-5,03/10/2005,n/a
PZ-05-7,05-0007LC,050-002316,4860 CEMETERY RD,Dwertman property,4866 Cemetery Rd,Rezoning to B-3,R-3,04/14/2005,7/11/05 (Ord 05-35)
PZ-05-8,05-0008LC,050-002981 050-000283,3854 - 3870 MAIN ST,Bellin property,3866 & 3870 Main St,Rezoning to B-6,B-4,04/14/2005,7/11/05 (Ord 05-34)
PZ-05-9,05-0009LC,050-009926,TRUEMAN BL,Central Park Retail Center,Soma PUD Subarea 1,Final development plan,PUD (Soma),07/14/2005,n/a
PZ-05-10,05-0010LR,050-008936,Not Found,Baumeister property,4411 Cosgray Rd,Sketch plan,A-1,04/14/2005,n/a
PZ-05-11,05-0011LC,050-003296,4078 - 4140 ANSON DR,Rainbow Development Corp.,4158 Anson Dr,M-5 Plan modification,M-5,04/14/2005,n/a
PZ-05-12,05-0012LC,050-010113,4099 TRUEMAN BL,CME Federal Credit Union,Soma PUD Subarea 1,Final development plan,PUD (Soma),04/14/2005,n/a
PZ-05-13,05-0013LC,050-009926,TRUEMAN BL,Central Park Ltd.,Soma PUD Subarea 1,Lot split,PUD (Soma),04/14/2005,n/a
PZ-05-14,05-0014LC,050-009944 050-003871 050-003869 050-010114,5100 HAYDEN RUN RD; HAYDEN RUN RD,Britton Parkway Plat,Britton Central PUD,Final plat,PUD (Britton Central),04/14/2005,9/26/05 (05-R-39)
PZ-05-15,05-0015LC,050-007350,3861 PARK MILL RUN,TGI Friday's,3861 Park Mill Run Dr,PUD modification,PUD (Mill Run),04/14/2005,n/a
PZ-05-16,05-0016LC,050-003237,3979 - 3981 PARKWAY AVE,Fastenal Company,3981 Parkway Ln,Conditional use,M-5,06/09/2005,n/a
PZ-05-17,05-0017LC,050-000136 050-002288,4142 - 4144 MAIN ST; MAIN ST,U-Haul,4144 Main St,Conditional use - auto sales,B-6,Denied 6/9/2005,n/a
PZ-05-18,05-0018LR,050-008936,Not Found,Baumeister property,4411 Cosgray Rd,PND development plan,A-1,06/09/2005,11/14/05 (Ord 05-44)
PZ-05-19,05-0019LC,050-000175,4010 MAIN ST,Sam's Dental Lab Inc.,4010 Main St,Conditional use - mixed occupancy,B-6,06/09/2005,n/a
PZ-05-20,05-0020LC,050-001488,4200 LYMAN CT,National Sign Systems,4200 Lyman Dr,Lot split,M-5,06/09/2005,n/a
PZ-05-21,05-0021LC,050-002881,3650 PARKWAY DR,Ares Sportswear,3650 Parkway Ln,Sign variance,M-5,07/14/2005,n/a
PZ-05-22,05-0022LC,050-007624,4311 - 4345 COSGRAY RD,Hilliard Taekwondo America Inc.,4323 Cosgray Rd,Conditional use,PUD (Hoffman Farms),07/14/2005,n/a
PZ-05-23,05-0023LR,050-008358,Not Found,Hoffman Farms Condos (Brickstone Green),NE corner Cosgray Rd & Parkmeadow Ln,PUD modification,PUD (Hoffman Farms),08/11/2005,12/12/05 (05-R-42)
PZ-05-24,05-0024LC,120-000228 272-000056 272-000122 272-000172 272-008424 272-000007,,Charles Buck et al properties,7147 Hayden Run Rd,Sketch plan,TWP,n/a,n/a
PZ-05-25,05-0025LC,050-005623,6304 - 6356 SCIOTO DARBY RD,Darby Town Center,Scioto Darby Rd & Cosgray Rd,Final development plan,B-5,07/14/2005,Service Committee
PZ-05-26,05-0026LC,050-009693,6055 WOODSVIEW WY,Patch property,6055 Woodsview Way,PUD modification,PUD (Patch),07/14/2005,8/22/05 (05-R-30)
PZ-05-27,05-0027LC,050-007276,3883 PARK MILL RUN DR,CVS (Chili's site),3883 Park Mill Run Dr,Final development plan,PUD (Mill Run),07/14/2005,n/a
PZ-05-28,05-0028LC,050-000147,5231 NORWICH ST,Image Professionals,5231 Norwich St,Significant architectural changes,B-6,07/14/2005,n/a
PZ-05-29,05-0029LC,050-000179,4143 MAIN ST,Allstate,4143 Main St,Significant architectural changes,B-6,07/14/2005,n/a
,05-0030LC,VOID,,VOID,VOID,VOID,VOID,VOID,VOID
PZ-05-30,05-0031LC,050-003296,4078 - 4140 ANSON DR,Royal Spa Corp.,4142 Anson Dr,Conditional use,M-5,Withdrawn,n/a
PZ-05-31,05-0032LR,050-010332 thru 050-010363,4836 HEATH TRAILS RD; 4835 HEATH TRAILS RD,Ansmil West (Westport Homes of Ohio Inc.),Ansmil West subdivision,PUD modification,PUD (Ansmil West),08/11/2005,8/22/05 (05-R-31)
PZ-05-32,05-0033LC,050-003204,3850 LYMAN DR,Tim Horton's,3850 Lyman Dr,M-5 Plan,M-5,08/11/2005,n/a
PZ-05-33,05-0034LC,050-005623,6304 - 6356 SCIOTO DARBY RD,Darby Town Center,Darby Town Center Subarea C,Lot split,B-5,08/11/2005,n/a
PZ-05-34,05-0035LC,050-005623,6304 - 6356 SCIOTO DARBY RD,Bank One,Darby Town Center Subarea C,Final development plan,B-5,08/11/2005,Service Committee
PZ-05-35,05-0036LC,050-000258 050-000263,5151 CENTER ST; 5151 NORWICH ST,Cornell Lawn Care,5151 Norwich St,Significant architectural changes,B-6,08/11/2005,n/a
PZ-05-36,05-0037LR,050-004802,Not Found,Weston Trail,Weston Trail Phase 4 subdivision,Final plat,R-2,08/11/2005,9/12/05 (05-R-36)
PZ-05-37,05-0038LC,050-010113,4099 TRUEMAN BL,CME Federal Credit Union,4099 Trueman Blvd,Sign variance,PUD (Soma),09/08/2005,n/a
PZ-05-39,05-0039LC,050-009925,3931 - 3939 TRUEMAN BL,Cheeseburger in Paradise,4081 Trueman Blvd,Final development plan,PUD (Soma),09/08/2005,n/a
PZ-05-40,05-0040LC,050-002091,4399 CEMETERY RD,Iacobucci property,4399 Cemetery Rd,Rezoning to B-2,M-5,12/08/2005,Tabled indefinitely
PZ-05-41,05-0041LC,050-004799,5462 N CENTER ST,Makoy Center,5462 Center St,Significant architectural changes - fence,B-6,09/08/2005,n/a
PZ-05-38,05-0042LC,050-002808,3509 - 3511 MAIN ST,Conrad property,3509-3513 Main St,Sign variance,B-2,09/08/2005,n/a
PZ-05-42,05-0043LC,050-009209 050-009210,4453 - 4489 CEMETERY RD; 4473 - 4485 CEMETARY RD,Hilliard Retail Center,4491 & 4471 Cemetery Rd,Sign variance,B-5,Denied 9/8/2005,n/a
PZ-05-43,05-0044LC,050-005623,6304 - 6356 SCIOTO DARBY RD,Darby Town Center,Darby Town Center Subarea B,Final development plan,B-5,09/08/2005,n/a
PZ-05-44,05-0045LR,050-004802 050-005430,4620 BRIXSHIRE DR,Weston Trail,Weston Trail Phase 4 subdivision,Lot split,R-2,10/13/2005,n/a
PZ-05-45,05-0046LC,120-000228 272-000056 272-000122 272-000172 272-008424 272-000007,,Buck et al properties,7147 Hayden Run Rd,PUD zoning development plan,Rural (County); SD & SRR (TWP),10/13/2005,2/13/06 (Ord 05-74)
PZ-05-46,05-0047LC,050-010488,3949 - 3977 TRUEMAN BL,Central Park Retail Center,3961 Trueman Blvd,Final developent plan modification,PUD (Soma),Withdrawn,n/a
,05-0048LC,050-007276,3883 PARK MILL RUN DR,CVS (Chili's site),3883 Park Mill Run Dr,PUD modification,PUD (Mill Run),09/08/2005,9/12/05 (05-R-38)
PZ-05-47,05-0049LC,050-009928,4211 TRUEMAN BL,Target,4211 Trueman Blvd,Sign variance,PUD (Soma),10/13/2005,n/a
PZ-05-48,05-0050LC,050-002321 050-002320 050-002319 050-002283 050-002380 050-002381 050-002382,4787 JEANNETTE RD; JEANNETTE RD; 4779 JEANNETTE RD; 4228 AVERY RD; 3715 LEAP RD,Lee & Arnold properties,4787 Jeanette Rd,Sketch plan,R-3 & R-4,Withdrawn,n/a
PZ-05-49,05-0051LC,050-000153,4095 MAIN ST,Better Image Salon,4095 Main St,Significant architectural changes,B-6,11/10/2005,n/a
PZ-05-50,05-0052LC,050-009208,4640 TRUEMAN BL,ADS,4640 Trueman Blvd,Sign variance,PUD (Soma),11/10/2005,n/a
PZ-05-51,05-0053LC,050-000007,4100 MAIN ST,Darrel Roberts property,4100 Main St,Significant architectural changes - demolition,B-6,11/10/2005,n/a
PZ-05-52,05-0054LC,050-000090,4120 MAIN ST,Hilliard Floral Design,4120 Main St,Significant architectural changes,B-6,11/10/2005,n/a
PZ-05-55,05-0055LC,050-002426,4555 CEMETERY RD,Ackerson Professional Building,4555 Cemetery Rd,Sign variance,B-5,11/10/2005,n/a
PZ-05-53,05-0056LR,050-005618 050-008208 050-005617,Not Found,Hampton Reserve,6640 Scioto Darby Rd,Final plat,PUD (Oakmont Partners II),12/08/2005,2/13/2006 (06-R-03)
PZ-05-54,05-0057LR,050-008208 050-005618,Not Found,Hampton Reserve Condos,6640 Scioto Darby Rd,Final development plan,PUD (Oakmont Partners II),12/08/2005,n/a
PZ-05-56,05-0058LC,050-000272,5093 CEMETERY RD,Jennifers' Beads Yarn & Whatever,5093 Cemetery Rd,Sign variance,B-2,12/08/2005,n/a
PZ-05-57,05-0059LC,050-2887,,Weaver Court Business Center,3834-4148 Weaver Ct South,Sign variance,M-5,12/08/2005,n/a
PZ-05-58,05-0060LC,VOID,,VOID,VOID,VOID,VOID,VOID,VOID
PZ-05-60,05-0061LC,050-001543,3693 MAIN ST,Hilliard United Methodist Church,3691 Main St,Temporary Sign,B-3,12/08/2005,n/a
PZ-05-61,05-0062LR,050-009119,6154 LAMPTON POND DR,Lakewood PND,6154 Lampton Pond Dr,PND modification,PND (Lakewood),12/08/2005,3/13/2006 (06-R-09)
PZ-05-62,05-0063LC,050-010494,Not Found,DHJV LLC property (behind Pickups Plus),Cemetery Rd,CRCOD plan,B-5,12/08/2005,n/a
PZ-05-63,05-0064LC,050-007700,4577 LYMAN DR,Scioto Valley,4577 Lyman Dr,M-5 plan,M-5,12/08/2005,n/a
PZ-05-64,05-0065LC,050-009692,COSGRAY RD,YMCA,4515 Cosgray Rd,Final development plan,PUD (Patch),12/20/2005,n/a
PZ-05-65,05-0066LC,050-005623,6304 - 6356 SCIOTO DARBY RD,Darby Town Center,6324 Scioto Darby Rd,Conditional use; B-5 plan,B-5,12/20/2005,1/16/06 Service Committee
PZ-05-66,05-0067LC,050-009925,3931 - 3939 TRUEMAN BL,Walgreens,Soma PUD Subarea 1,Conditional use; final development plan; sign variance,PUD (Soma),12/20/2005,n/a
PZ-05-67,05-0068LC,050-008257,Not Found,Ansmil PUD,4701 Davidson Rd,PUD modification,PUD (Ansmil),12/20/2005,2/13/06 (06-R-07)
PZ-05-68,05-0069LR,050-009943 050-009944 050-009957,5100 HAYDEN RUN RD,Britton Central PUD,"Britton Central PUD Subareas A1, A2, A3",PUD modification,PUD (Britton Central),12/20/2005,2/27/06 (06-R-08)
PZ-05-69,05-0070LR,050-009943 050-009957,Not Found,Britton Central Condos,Britton Central PUD Subarea A1,Final development plan,PUD (Britton Central),12/20/2005,n/a
PZ-05-59,05-0071LR,050-009944,5100 HAYDEN RUN RD,Britton Central Condos,Britton Central PUD Subarea A3,Final development plan,PUD (Britton Central),12/20/2005,n/a
PZ-05-70,05-0072LC,050-008786 050-008787 050-008789,Not Found,Soma Company PUD,SW corner Davidson Rd & Trueman Blvd,PUD modification - setbacks,PUD (Soma),Denied 5/11/2006,n/a
PZ-05-71,05-0073LR,32 parcels,,Ansmil West,,Fence,PUD (Ansmil West),01/12/2006,n/a
PZ-05-72,05-0074LC,050-007276,3883 PARK MILL RUN DR,CVS,3883 Park Mill Run Dr,Sign variance,PUD (Mill Run),01/12/2006,n/a
PZ-05-73,05-0075LC,050-000340,5249 NORWICH ST,Edward Jones Investments,5249 Norwich St,Sign variance,B-6,01/12/2006,n/a
PZ-05-74,05-0076LC,050-009693,6055 WOODSVIEW WY,Patch property PUD,6055 Woodsview Way,Sign variance,PUD (Patch),01/12/2006,n/a
PZ-05-75,05-0077LR,050-002344,3703 LEAP RD,Campbell property,3703 Leap Rd,Deed transfer,R-2,01/12/2006,n/a
PZ-05-76,05-0078LC,050-009929,Not Found,Soma Subarea 3 Blazing Star Subdivision,Soma Subarea 3,Final plat (Blazing Star),PUD (Soma),01/12/2006,3/27/06 (06-R-16)
,05-0079LC (see case 06-0005LC),n/a,,Zoning Code Amendment (Sect. 1107 & 1123 athletic training & fine arts training),n/a,Zoning Code amendment,n/a,01/12/2006,3/13/06 (Ord 06-12)
,05-0080LC (see case 06-0006LC),050-009944,5100 HAYDEN RUN RD,Britton Central PUD Subarea B3,Britton Pkwy & Riggins Ct,Lot split,PUD (Britton Central),01/12/2006,n/a
PZ-06-1,06-0001LC,050-002867 060-003338,4232 CEMETERY RD,Speedway,4232 Cemetery Rd,CRCOD; Conditional use; Sign variance,M-5,02/09/2006,n/a
PZ-06-2,06-0002LC,050-008257,Not Found,Ansmil Condos & Clubhouse,Leap Rd & Davidson Rd,Final development plan,PUD (Ansmil),02/09/2006,n/a
PZ-06-3,06-0003LC,050-002816,4400 EDGEWYN AVE,Beaver Family LP II (fka Beaver Adhesives),4400 Edgewyn Ave,Conditional use,M-5,02/09/2006,n/a
PZ-06-5,06-0004LC,050-009925,3931 - 3939 TRUEMAN BL,Staples,3939 Trueman Blvd,Lot split; final development plan; sign variance,PUD (Soma),02/09/2006,n/a
PZ-05-77,06-0005LC (see case 05-0079LC),n/a,,Zoning Code Amendment (Sect. 1107 & 1123 athletic training & fine arts training),n/a,Zoning Code amendment,n/a,01/12/2006,3/13/06 (Ord 06-12)
PZ-05-78,06-0006LC (see case 05-0080LC),050-009944,5100 HAYDEN RUN RD,Britton Central PUD Subarea B3,Britton Pkwy & Riggins Ct,Lot split,PUD (Britton Central),01/12/2006,n/a
PZ-06-4,06-0007LR,050-008779,5690 WESTON TRAIL DR,Weston Trail,Leppert Rd,Sign variance,R-2,03/09/2006,n/a
PZ-06-6,06-0008LC,050-002895,3660 PARKWAY LN,Javaco,3660 Parkway Ln,Sign variance,M-5,Denied 4/13/2006,n/a
PZ-06-7,06-0009LC,050-002875,3700 PARKWAY LN,Sheaf Jentgen Co. LP,3700 Parkway Ln,Conditional use,M-5,03/09/2006,n/a
PZ-06-8,06-0010LC,050-000161 050-000025,4084 MAIN ST; 4076 MAIN ST,Dr. Krauss Dental,4084 Main St,Significant architectural changes,B-6,03/09/2006,n/a
PZ-06-9,06-0011LC,050-002164,3685 MAIN ST,McDonald's,3685 Main St,Sign variance,B-2,03/09/2006,n/a
PZ-06-10,06-0012LC,050-009944 050-009943 050-009957,5100 HAYDEN RUN RD,Britton Central PUD,Riggins Rd,Final Plat,PUD (Britton Central),03/09/2006,3/27/06 (06-R-17)
PZ-06-11,06-0013LC,050-003335,4770 NORTHWEST PW,BRMKO property,4770 Northwest Pkwy,Conditional use,M-5,03/09/2006,n/a
PZ-06-12,06-0014LC,050-003485,3940 LYMAN DR,Aquatic Adventures,3940 Lyman Dr,M-5 plan; conditional use; sign variance,M-5,4/13/06 (Sign variance on 6/27/06),n/a
PZ-06-13,06-0015LC,050-010488,3949 - 3977 TRUEMAN BL,Carrabba's Italian Grill,3963 Trueman Blvd,Sign variance,PUD (Soma),04/13/2006,n/a
PZ-06-14,06-0016LC,050-010127,4507 CEMETERY RD,Avery Road Animal Hospital,4507 Cemetery Rd,Sign variance,B-5,04/13/2006,n/a
PZ-06-15,06-0017LC,050-010511,6364 SCIOTO DARBY RD,Chase Bank,6346 Scioto Darby Rd,Sign variance,B-5,04/13/2006,n/a
PZ-06-16,06-0018LC,050-000096,4056 MAIN ST,Chase Bank,4056 Main St,Architectural changes; Sign variance,B-6,04/13/2006,n/a
PZ-06-17,06-0019LC,050-004798,5522 N CENTER ST,Lindemann LP property,5522 Center St,Lot split; conditional use,B-6,04/13/2006,n/a
PZ-06-18,06-0020LC,050-000147,5231 NORWICH ST,Peter & Linda Johns property,5231 Norwich St,Architectural changes,B-6,05/11/2006,n/a
PZ-06-19,06-0021LC,050-009944,5100 HAYDEN RUN RD,Britton Central PUD Subarea B5,Riggins Ct,Lot split,PUD (Britton Central),04/13/2006,n/a
PZ-06-20,06-0022LC,050-002890 050-005426 050-005427 050-005428,4143 - 4147 WEAVER CT; NORTHWEST PW REAR,American Water Services,4143 Weaver Court South,M-5 plan,M-5,06/27/2006,n/a
PZ-06-21,06-0023LC,050-001326,3670 LACON RD,Eramo & Sons,3670 Lacon Rd,M-5 plan; sign variance,M-5,04/13/2006,n/a
PZ-06-22,06-0024LC,050-000210,Not Found,Scherman property,5289 Franklin St,Rezoning,M-2,05/11/2006,9/11/06 (Ord 06-49)
PZ-06-23,06-0025LC,050-003196,4011 - 4015 WAYNE ST,Japanese Automotive Service,4011 Wayne St,Conditional use; Significant architectural changes,B-6,05/11/2006,n/a
PZ-06-24,06-0026LR,050-001922,5863 SCIOTO DARBY RD,Wellington Village,5863 Scioto Darby Rd,Temporary Sign,R-6,05/11/2006,n/a
PZ-06-25,06-0027LC,050-007017,3747 PARK MILL RUN DR,Honda Northwest,3747 Park Mill Run Dr,Sign variance,PUD (Mill Run),Denied 5/11/2006,n/a
PZ-06-26,06-0028LR,050-008358,Not Found,Hoffman Farms Condos (Brickstone Green),Cosgray Rd,Lot split,PUD (Hoffman Farms),04/13/2006,n/a
PZ-06-27,06-0029LC,052-000114,,Buck property,Hayden Run Rd,Lot split,PUD (Buck et al PUD),04/13/2006,n/a
PZ-06-28,06-0030LR,052-000116 052-000113,,Smith properties,Baldwin Rd,Lot split,PUD (Buck et al PUD),04/13/2006,n/a
PZ-06-29,06-0031LC,050-003043,4530 GENEROSITY WY,Soma Company properties,,Lot split,PUD (Soma),04/13/2006,n/a
PZ-06-30,06-0032LC,050-009383,3690 - 3720 LACON RD,Enterprise Rent-a-car,3700 Lacon Rd,Sign variance,M-5,06/08/2006,n/a
PZ-06-31,06-0033LR,050-009693,6055 WOODSVIEW WY,Village at Homestead,4301 Cosgray Rd,Temporary Sign,PUD (Patch),Withdrawn,n/a
PZ-06-32,06-0034LR,050-008665,Not Found,Estates at Hoffman Farms,6070 Jeffrelyn Dr,Temporary Sign,PND (Estates at Hoffman Farms),06/27/2011,n/a
PZ-06-33,06-0035LC,050-007274,3641 - 3681 FISHINGER BL,USPG Portfolio One LLC,3641-3681 Fishinger Blvd,Sign variance,PUD (Mill Run),Denied 6/8/2006,n/a
PZ-06-34,06-0036LC,050-003337 050-004483,4658 - 4704 CEMETERY RD; 4714 - 4740 CEMETERY RD,Hilliard Square Shopping Center,4714 Cemetery Rd,Sign variance,B-2,Withdrawn,n/a
PZ-06-35,06-0037LC,050-002423,4625 CEMETERY RD,Keller Williams Realty,4625 Cemetery Rd,Sign variance,L-B-5,06/08/2006,n/a
PZ-06-36,06-0038LC,050-002871,4731 - 4751 NORTHWEST PW,Kerbler Builders,3649 Northwest Pkwy,Conditional use,M-5,06/08/2006,n/a
PZ-06-37,06-0039LC,050-002880,3649 PARKWAY LN,Laserflex,3649 Parkway Ln,M-5 Plan modification,M-5,06/08/2006,n/a
PZ-06-38,06-0040LR,050-008257,Not Found,Ansmil Condos,4701 Davidson Rd,Lot split,PUD (Ansmil),06/08/2006,n/a
PZ-06-39,06-0041LC,050-002981 050-000283,3854 - 3870 MAIN ST,Dippin' Dots,Main St,Conditional use; sign variance; temporary sign,B-6,06/27/2006,n/a
PZ-06-40,06-0042LC,050-010214,5550 BRITTON PW,BMW Financial Services,5550 Britton Pkwy,Sign variance,PUD (Britton Central),06/08/2006,n/a
PZ-06-41,06-0043LC,050-003335,4770 NORTHWEST PW,BRMKO property,4770 Northwest Pkwy,Conditional use,M-5,07/13/2006,n/a
PZ-06-42,06-0044LR,050-003184,3940 - 3972 MOUNDVIEW RD,Horizons,3940-3972 Moundview Rd,Temporary Sign,R-6,07/13/2006,n/a
PZ-06-43,06-0045LC,050-000161,4084 MAIN ST,Dr. Krauss Dental,4084 Main St,Significant architectural changes,B-6,07/13/2006,n/a
PZ-06-44,06-0046LC,050-000149,4127 MAIN ST,Pic Again,4127 Main St,Significant architectural changes,B-6,07/13/2006,n/a
PZ-06-45,06-0047LC,050-000066,4065 MAIN ST,County Cork Irish Pub (Yard Club),4065 Main St,Significant architectural changes,B-6,07/13/2006,n/a
PZ-06-46,06-0048LC,050-003645,3450 PARKWAY LN,Extra Space Storage,3450 Parkway Ln,Sign variance,M-5,08/10/2006,n/a
PZ-06-47,06-0049LC,050-000147,5231 NORWICH ST,Image Professionals,5231 Norwich St,Shared parking plan,B-6,07/13/2006,n/a
PZ-06-48,06-0050LC,050-008257,Not Found,Ansmil PUD,,Sign variance,PUD (Ansmil),Withdrawn,n/a
PZ-06-49,06-0051LC,050-003727,4105 LYMAN DR,All Seasons Spas,4105 Lyman Dr,Conditional use,M-5,07/13/2006,n/a
PZ-06-51,06-0052LC,050-002867 050-003338,4232 CEMETERY RD; 4232 HILLIARD CEMETER RD,Speedway,4232 Cemetery Rd,CRCOD plan,M-5,08/10/2006,n/a
PZ-06-50,06-0053LC,050-010536,5500 BRITTON PW,Credit Union of Ohio,Britton Pkwy & Riggins Ct,Final development plan,PUD (Britton Central),09/26/2006,n/a
PZ-06-52,06-0054LC,050-010592,3775 - 3779 TRUEMAN CT,Cardinal Orthopaedic Institute,3777 Trueman Ct,Sign variance,PUD (Soma),08/10/2006,n/a
PZ-06-53,06-0055LC,050-005623,6304 - 6356 SCIOTO DARBY RD,New Grounds Coffee House,6318 Scioto Darby Rd,Sign variance,B-5,Denied 8/10/2006,n/a
PZ-06-54,06-0056LC,050-002092,5499 CONSTITUTION BL,Ten Pin Alley,5499 Constitution Blvd,Sign variance,B-2,Withdrawn,n/a
PZ-06-55,06-0057LC,050-003028,BRITTON PW,Enchanted Care Learning Center Building #3,4388 Davidson Rd,Final development plan Conditional use,PUD (Britton Farms),8/10/2006 (Conditional use 9/14/06),n/a
PZ-06-56,06-0058LR,050-008358,Not Found,Brickstone Green Condos,4258 Cosgray Rd,Final Plat,PUD (Hoffman Farms),08/10/2006,8/28/06 (06-R-32)
PZ-06-57,06-0059LR,050-008383,Not Found,Trails Edge Condos,Cosgray Rd,Final Plat,PUD (Trails Edge),08/10/2006,1/27/07 (06-R-33)
PZ-06-58,06-0060LC,050-007274,3641 - 3681 FISHINGER BL,Tropical Bistro,3641 Fishinger Blvd,Sign variance,PUD (Mill Run),Denied 8/10/2006,n/a
PZ-06-59,06-0061LR,050-010599 050-008257,Not Found,Tremont Club,Ansmil PUD,Final Plat,PUD (Ansmil),09/14/2006,1/15/07 (06-R-40)
PZ-06-60,06-0062LC,050-009807,Not Found,Hilliard City School District,Between Cosgray Rd & Leppert Rd,Lot split,S-1,09/26/2006,n/a
PZ-06-61,06-0063LR,050-002378,3637 - 3643 LEAP RD,Creative Housing,3641 Leap Rd,Conditional use,R-4,10/12/2006,n/a
PZ-06-62,06-0064LC,050-004483,4714 - 4740 CEMETERY RD,Hilliard Square Shopping Center,Cemetery Rd,Sign variance,B-2,09/26/2006,n/a
PZ-06-63,06-0065LC,050-002843 050-002844,3800 - 4363 EDGEWYN DR,George Thomas Contractors Inc.,Edgewyn Ave,M-5 Plan,M-5,09/14/2006,n/a
PZ-06-64,06-0066LR,050-005715 050-005716 050-005717 050-010510,5667 DAVIDSON RD; 5659 DAVIDSON RD; 5649 DAVIDSON RD; 4470 LEPPERT RD,Nirshcel et al,Weston Trail,Lot split,R-2 & R-3,09/26/2006,n/a
PZ-06-65,06-0067LC,050-000203,4009 - 4013 MAIN ST,Cruise Quarters & Tours,4013 Main St,Sign variance,B-6,09/14/2006,n/a
PZ-06-66,06-0068LC,VOID,,VOID,VOID,VOID,VOID,VOID,VOID
PZ-06-67,06-0069LC,050-000951,5399 FRANKLIN ST,Mulch King,5399 Franklin St,Conditional use; sign variance,,Signage 9/26/06; Conditional use 11/9/06,n/a
PZ-06-68,06-0070LC,050-003206,4595 TRUEMAN BL,Ecole Maison,4635 Trueman Blvd,Conditional use,B-3,Indoor 9/14/06; Playground 10/12/06,n/a
PZ-06-69,06-0071LC,050-005623,6304 - 6356 SCIOTO DARBY RD,Darby Town Center,6304-6358 Scioto Darby Rd,Sign variance,B-5,09/26/2006,n/a
PZ-06-70,06-0072LC,050-003299,4555 LYMAN DR,Zaner-Blosser (Highlights for Children),4555 Lyman Dr,Sign variance,M-5,10/12/2006,n/a
PZ-06-71,06-0073LC,050-002825,3840 LACON RD,John Schmucki trust,3840 Lacon Rd,M-5 Plan modification,M-5,10/12/2006,n/a
PZ-06-72,06-0074LC,050-002885 050-000286 050-000287,5067 CEMETERY RD; 5079 CEMETERY RD; CEMETERY RD,Fifth Third Bank,5067-5085 Cemetery Rd,CRCOD plan; sign variance; temporary sign,B-1,11/09/2006,n/a
PZ-06-73,06-0075LR,050-002081,HERITAGE CLUB DR REAR,Heritage Lakes PUD,,Lot split,PUD (Heritage Lakes),09/14/2006,n/a
PZ-06-74,06-0076LC,050-003485,3940 LYMAN DR,Aquatic Adventures,3940 Lyman Dr,Sign variance,M-5,Denied 10/12/2006,n/a
PZ-06-75,06-0077LC,050-000161,4084 MAIN ST,Dr. Krauss Dental,4084 Main St,Sign variance,B-6,09/26/2006,n/a
PZ-06-76,06-0078LC,050-001326 050-002844,3670 LACON RD,Eramo & Sons George Thomas Contractors Inc.,3670 Lacon Rd 3800 Edgewyn Ave,Lot split,M-5,11/09/2006,n/a
PZ-06-77,06-0079LR,050-008257,Not Found,Ansmil PUD Subarea A1,,Lot split,PUD (Ansmil),09/14/2006,n/a
PZ-06-78,06-0080LC,050-002860,3535 PARKWAY LN,W.W. Williams Co.,3535 Parkway Ln,Sign variance,M-5,12/14/2006,n/a
PZ-06-79,06-0081LC,050-000237,COLUMBIA ST,AT&T (Ameritech),4055 Columbia St,Sign variance,B-6,11/09/2006,n/a
PZ-06-80,06-0082LC,050-010597,4660 TRUEMAN BL,Altercare of Hilliard,Soma PUD Subarea 8 & 10,PUD modification; Final development plan,PUD (Soma),02/08/2007,10/9/07 (07-R-32)
PZ-06-81,06-0083LR,050-002841,4755 JEANETTE RD,Shining Light Baptist Church,4755 Jeanette Rd,Sign variance,R-3,Withdrawn,n/a
PZ-06-83,06-0084LR,050-009693,6055 WOODSVIEW WY,Village at Homestead (Rockford Homes),4509 Cosgray Rd,Sign variance,PUD (Patch),11/09/2006,n/a
PZ-06-82,06-0085LC,n/a,,Capital Improvements Program (2007-2011),n/a,n/a,n/a,11/09/2006,
PZ-06-84,06-0086LC,050-003032,4770 BRITTON PW,MCI,5000 Britton Pkwy,Sign variance,B-3,12/14/2006,n/a
PZ-06-85,06-0087LC,050-002884,3550 PARKWAY LN,City Electric Supply,3550 Parkway Ln,Conditional use,M-5,11/09/2006,n/a
PZ-06-86,06-0088LC,050-000049,3840 - 3880 LATTIMER ST,Columbus Martial Arts Center,3864 Lattimer St,Conditional use,B-2,12/18/2006,n/a
PZ-06-87,06-0089LC,050-010127,4507 CEMETERY RD,Avery Road Animal Hospital,4507 Cemetery Rd,Sign variance,B-5,12/14/2006,n/a
PZ-06-88,06-0090LC,050-000114,4098 MAIN ST,Perdatum Inc.,4098 Main St,Significant architectural changes,B-6,12/18/2006,n/a
PZ-06-89,06-0091LC,050-003206,4595 TRUEMAN BL,Four Seasons,4635 Trueman Blvd,Conditional use,B-3,02/08/2007,n/a
PZ-06-90,06-0092LC,050-000260 050-000244 050-000269 050-000255 050-000261,5123 NORWICH ST; LATTIMER ST; CENTRE ST; CEMETERY RD,Norwich Ltd.,5123 Norwich St,Significant architectural changes,B-6,04/12/2007,n/a
PZ-06-91,06-0093LC,050-002165,4961 CEMETERY RD,Delegated Nursing Training,4961 Cemetery Rd,Conditional use,B-3,02/08/2007,n/a
,06-0094LC,VOID,,VOID,VOID,VOID,VOID,VOID,VOID
PZ-06-92,06-0095LC,050-003190 050-005144,LEAP RD; 4656 CEMETERY RD,Kroger,4656 Cemetery Rd,CRCOD plan,B-2,Withdrawn 7/9/07,n/a
PZ-06-93,06-0096LC,050-003220 050-003219 050-003399,3820 PARKWAY LN; PARKWAY LN,Buckeye Nissan,3820 Parkway Ln,M-5 Plan,M-5,12/18/2006,n/a
PZ-06-94,06-0097LC,050-008254 thru 050-008259,4501 DAVIDSON RD; 4444 - 4448 LEAP RD,Erickson Retirement Community,Ansmil Subarea E1,PUD modification,PUD (Ansmil),02/08/2007,3/26/07 (07-R-08)
PZ-06-95,06-0098LC,050-008254 thru 050-008259,4501 DAVIDSON RD; 4444 - 4448 LEAP RD,Erickson Retirement Community,Ansmil Subarea E1,Final development plan,PUD (Ansmil),02/08/2007,3/26/07 (07-R-08)
PZ-06-96,06-0099LC,050-010488,3949 - 3977 TRUEMAN BL,Carrabba's Italian Grill,3949 Trueman Blvd,Temporary Sign,PUD (Soma),Withdrawn,n/a
PZ-06-97,06-0100LC,050-001543,3693 MAIN ST,Eurotech,3697 Main St,Conditional use,B-2,01/11/2007,n/a
PZ-06-98,06-0101LC,050-000333,5252 NORWICH ST,Western Executive Photography,5252 Norwich St,Significant architectural changes,B-6,01/11/2007,n/a
PZ-06-99,06-0102LR,050-002344 050-002393,3703 LEAP RD; 3711 LEAP RD,Zelma Campbell property Tracy Young property,3703 Leap Rd 3711 Leap Rd,Lot split,R-2,01/11/2007,n/a
,06-00103LC,050-000002,4115 MAIN ST,Hilliard Community Music School,4115 Main St,Significant architectural changes,B-6,01/11/2007,n/a
PZ-06-101,06-0104LC,VOID,,VOID,VOID,VOID,VOID,VOID,VOID
PZ-06-102,06-0105LC,050-000288,5105 CEMETERY RD,Stanley property,5105 Cemetery Rd,Lot split,B-1,12/18/2006,n/a
PZ-07-1,07-0001LR,050-009962,RESERVE A,Silverton Farms,Wilcox Rd & Noor Dr,PND modification,PND (AI Limited),04/12/2007,n/a
PZ-07-2,07-0002LC,050-003220; 050-003219; 050-003399,3820 PARKWAY LN; PARKWAY LN,Buckeye Nissan,3820 Parkway Ln,Sign variance,M-5,02/27/2007,n/a
PZ-07-3,07-0003LC,050-010592,3775 - 3779 TRUEMAN CT,Cardinal Orthopaedic Institute,3777 Trueman Ct,Sign variance,PUD (Soma),04/12/2007,n/a
PZ-07-4,07-0004LR,050-010590,Not Found,Hampton Reserve Condos,Streambank Dr,PUD modification,PUD (Oakmont Partners II),02/27/2007,4/9/2007 (07-R-11)
PZ-07-5,07-0005LR,050-008358,Not Found,Brickstone Green Condos,Cosgray Rd,PUD modification,PUD (Hoffman Farms),02/27/2007,4/9/07 (07-R-12)
PZ-07-6,07-0006LC,050-000122; 050-000013,3900 MAIN ST; 3950 MAIN ST,Dairy Queen,3900 Main St,Sign variance,B-3,Withdrawn,n/a
PZ-07-7,07-0007LC,050-003485,3940 LYMAN DR,Aquatic Adventures,3940 Lyman St,Sign variance,M-5,03/08/2007,n/a
PZ-07-8,07-0008LC,050-002838,4100 COLUMBIA ST,Norwich Township Fire Department,4162 Columbia St,Lot split; parking lot expansion,S-1 & B-6,03/08/2007,n/a
PZ-07-9,07-0009LC,050-004080,3455 MILL RUN DR,One Mill Run,3455 Mill Run Dr,Temporary Sign,PUD (Mill Run),03/08/2007,n/a
PZ-07-10,07-0010LC,050-003298 050-003296,ANSON DR; 4078 - 4140 ANSON DR,Rainbow Development Corp.,4078-4180 Anson Dr,Conditional use,M-5,03/08/2007,n/a
PZ-07-11,07-0011LC,050-003181 050-003300,4252 LYMAN DR; LYMAN DR,Pet Palace,Lyman Dr,"Conditional use, Sign variance",M-5,03/08/2007,n/a
PZ-07-12,07-0012LC,050-010600 050-010601,Not Found,AHNH Physicians Realty LLC,3823-3845 Trueman Ct,Sign variance,PUD (Soma),03/08/2007,n/a
PZ-07-13,07-0013LC,050-000049,3840 - 3880 LATTIMER ST,Lattimer Square,Lattimer St,Sign variance,B-2,04/12/2007,n/a
,07-0014LC,VOID,,VOID,VOID,VOID,VOID,VOID,VOID
PZ-07-14,07-0015LC,,,City Electric Supply,5550 Parkway Ln,Sign variance,M-5,04/12/2007,n/a
PZ-07-15,07-0016LC,,,Hilliard Care Center,Tremont Club Dr @ Davidson Rd,Final development plan,PUD (Ansmil),04/12/2007,n/a
PZ-07-16,07-0017LC,050-002833,4245 CEMETERY RD,Wendy's,4245 Cemetery Rd,CRCOD plan & Sign variance,M-5,05/10/2007,n/a
PZ-07-17,07-0018LC,050-000286,5079 CEMETERY RD,Fifth Third Bank,5079 Cemetery Rd,Sign variance,B-1,05/10/2007,n/a
,07-0019LC,VOID,,VOID,VOID,VOID,VOID,VOID,VOID
PZ-07-18,07-0020LR,050-002378,3637 - 3643 LEAP RD,Creative Housing,3641 Leap Rd,Conditional use,R-4,Withdrawn,n/a
PZ-07-19,07-0021LC,050-000283,3854 - 3870 MAIN ST,Dippin' Dots,3860 Main St,Sign variance,B-6,05/10/2007,n/a
PZ-07-20,07-0022LC,050-001331,5017 CEMETERY RD,Willis & Willis,5017 Cemetery Rd,Sign variance,B-1,06/14/2007,n/a
PZ-07-21,07-0023LC,050-009101 120-000406 200-003674 200-003478,6594 SCIOTO DARBY RD,Scioto Darby Towne Center,6558-6594 Scioto Darby Rd,PUD Zoning Development Plan,Rural (TWP),09/13/2007,12/10/2007 (Ord 07-58)
PZ-07-22,07-0024LR,050-001922,5863 SCIOTO DARBY RD,Wellington Village,5863 Scioto Darby Rd,Temporary Sign,R-6,06/14/2007,
PZ-07-23,07-0025LC,050-003181 050-003300,4252 LYMAN DR; LYMAN DR,Pet Palace,Lyman Dr,Lot split,M-5,06/14/2007,n/a
PZ-07-24,07-0026LC,050-000227 050-000039,3981 - 3983 MAIN ST; 3981 MAIN ST,Tech Art Productions,3981 Main St,Conditional use & Significant architectural changes,B-6,Withdrawn,n/a
PZ-07-25,07-0027LC,050-000149,4127 MAIN ST,Pic Again,4127 Main St,Significant architectural changes,B-6,Withdrawn,n/a
PZ-07-26,07-0028LC,050-000863,Not Found,Walgreens,5383 Cemetery Rd,Final plat,B-6,06/14/2007,n/a
PZ-07-27,07-0029LC,050-000175,4010 MAIN ST,Jones Cochenour & Co.,4010 Main St,Significant architectural changes,B-6,06/14/2007,n/a
PZ-07-28,07-0030LC,n/a,,City of Hilliard right-of-way signage,Main St & Hilliard-Rome Rd,Sign variance,n/a,06/14/2007,n/a
PZ-07-29,07-0031LC,050-003266,4490 - 4514 CEMETERY RD,Dr. Brooks Chiropractor,4492 Cemetery Rd,Sign variance,B-4,Denied 7/12/07,n/a
PZ-07-30,07-0032LC,050-000540,3596 - 3600 MAIN ST,Latona Investments LLC,5420 Wakefield Dr,Rezoning,R-2,09/13/2007,12/10/07 (Ord 07-56)
PZ-07-31,07-0033LC,,,Carrabba's Italian Grill,3949 Trueman Blvd,Sign variance,PUD (Soma),07/12/2007,n/a
PZ-07-32,07-0034LC,050-008254 050-008255 050-008256,4501 DAVIDSON RD; ANSON DR; 4674 BRITTON PW,Hickory Chase (Erickson),Ansmil PUD Subarea E1,Lot split,PUD (Ansmil),07/12/2007,n/a
PZ-07-33,07-0035LR,050-010599,Not Found,Tremont Club,"Ansmil PUD Subareas A2,A3,A4",Lot split,PUD (Ansmil),Withdrawn (7/9/07),n/a
PZ-07-34,07-0036LC,050-009210,4473 - 4485 CEMETARY RD,Just Pie Pizzaria,4453 Cemetery Rd,Sign variance,B-5,08/09/2007,n/a
PZ-07-35,07-0037LC,050-009390,4691 - 4701 NORTHWEST PW,Regan Academy of Irish Dance,4697 Northwest Pkwy,Conditional use,M-5,08/09/2007,n/a
PZ-07-36,07-0038LC,050-004799,5462 N CENTER ST,Makoy Center,5462 Center St,Significant architectural changes,B-6,08/09/2007,n/a
PZ-07-37,07-0039LC,050-002874,4051 - 4119 LEAP RD,Direct Buy,4051 Leap Rd,"Conditional use, Sign variance",M-5,08/09/2007,n/a
PZ-07-38,07-0040LR,050-000101,3940 COLUMBIA ST,Carter residence,3942 Columbia St,Significant architectural changes,B-6,08/09/2007,n/a
PZ-07-39,07-0041LC,050-010494,Not Found,DHJV LLC (behind Pickups Plus),4523-4533 Cemetery Rd,Sign variance,B-5,08/09/2007,n/a
PZ-07-40,07-0042LC,050-010629,3830 TRUEMAN CT,Easter Seals,3830 Trueman Ct,PUD modification,PUD (Soma),08/09/2007,08/27/2007
PZ-07-41,07-0043LC,050-002839,3669 LEAP RD,Hilliard Church of the Nazarene,3669 Leap Rd,Sign variance,R-2,Denied 9/13/2007,n/a
PZ-07-42,07-0044LC,050-010536,5500 BRITTON PW,Credit Union of Ohio,5500 Britton Pkwy,Sign variance,PUD (Britton Central),09/13/2007,n/a
PZ-07-43,07-0045LR,050-009147,5930 MORGANWOOD SQ,Febus property,5930 Morganwood Square,PND modification,PND (Lakewood),Withdrawn (11/8/07),n/a
PZ-07-44,07-0046LC,050-003196,4011 - 4015 WAYNE ST,New Life Church Hilliard,4015 Wayne St,"Conditional use, Significant architectural changes",B-6,09/13/2007,n/a
PZ-07-45,07-0047LR,,,Ansmil West,Ansmil West PUD,PUD modification,PUD (Asmil West),10/11/2007,11/13/07 (07-R-38)
PZ-07-46,07-0048LC,050-003032,4770 BRITTON PW,Verizon,5000 Britton Rd,Lot split,B-3,02/14/2008,n/a
PZ-07-47,07-0049LC,050-010487,4083 - 4093 TRUEMAN BL,Cook Shack,4093 Trueman Blvd,Sign variance,PUD (Soma),09/13/2007,n/a
PZ-07-48,07-0050LC,050-001543,3693 MAIN ST,Warehouse 839 Hilliard United Methodist Church,3691 Main St,Sign variance,B-2,09/13/2007,n/a
PZ-07-49,07-0051LC,050-000283,3854 - 3870 MAIN ST,Revol,3860 Main St,Sign variance,B-6,09/13/2007,n/a
PZ-07-50,07-0052LC,050-000249 050-000050,Not Found,Mizpah Fund II,3968 Main St,Request for waiver,B-3,Withdrawn (10/11/07),n/a
PZ-07-51,07-0053LC,050-007017,3747 PARK MILL RUN DR,Honda Northwest,3747 Park Mill Run Dr,Sign variance,PUD (Mill Run),11/09/2007,n/a
PZ-07-52,07-0054LC,050-003175,4000 LYMAN DR,Cummins,4000 Lyman Dr,Sign variance,M-5,10/11/2007,n/a
PZ-07-53,07-0055LC,050-001981,MAIN ST,Papa John's,3644 Main St,Sign variance,B-2,10/11/2007,n/a
PZ-07-54,07-0056LC,050-005425,4811 NORTHWEST PW,Columbus Dispatch,4811 Northwest Pkwy,Conditional use,M-5,Withdrawn (10/10/07),n/a
PZ-07-55,07-0057LC,n/a,,Capital Improvements Program (2008-2012),n/a,n/a,n/a,11/08/2007,
PZ-07-56,07-0058LC,050-008254 050-008255 050-008256,4501 DAVIDSON RD; ANSON DR; 4674 BRITTON PW,Britton Parkway Plat,n/a,Final plat,PUD (Ansmil),11/08/2007,
PZ-07-57,07-0059LC,050-002086,Not Found,Sunbelt Rentals,5274 Cemetery Rd,Sign variance,B-2,12/13/07 (setback) Denied mounted & ground signs,n/a
PZ-07-58,07-0060LC,050-009926,TRUEMAN BL,"Central Park Retail Center (Central Park ARC, LLC)",Soma PUD Subarea 1,PUD modification & site plan,PUD (Soma),01/10/2008,1/28/2008 (08-R-02)
PZ-07-59,07-0061LC,050-003039,4653 TRUEMAN BL,Four Seasons,4643 Trueman Blvd,Sign variance,B-3,12/13/2007,n/a
PZ-07-60,07-0062LC,050-002426,4555 CEMETERY RD,Ackerson Eyecare,4555 Cemetery Rd,Sign variance,B-5,Denied 12/13/2007,n/a
PZ-07-61,07-0063LC,050-000456,3885 LEEMAR DR,DiGiorgio property rezone,3885 Leemar Dr,Rezoning,L-R-2 & L-B-3,Withdrawn,n/a
PZ-07-62,07-0064LC,COTA Park & Ride,,City of Hilliard & COTA,Main St & Scioto Darby Rd,Sign variance,B-3,12/13/2007,n/a
PZ-07-63,07-0065LC,050-009210,4473 - 4485 CEMETARY RD,Inkstop,4485 Cemetery Rd,Sign variance,B-5,12/13/2007,n/a
PZ-07-64,07-0066LC,050-0003337,5252 NORWICH ST,Advance America,4662 Cemetery Rd,Sign variance,B-5,Denied 12/13/2007,n/a
PZ-07-65,07-0067LC,050-002895,3660 PARKWAY LN,The Blind Factory,3670 Parkway Ln,Conditional use,M-5,01/10/2008,n/a
PZ-07-66,07-0068LC,050-002871,4731 - 4751 NORTHWEST PW,Swiss-Pacific Resources,4160 Weaver Court South,Conditional use,M-5,01/10/2008,n/a
PZ-07-67,07-0069LC,050-000019,4051 MAIN ST,Mel's Old Hilliard Grill,4051 Main St,Significant architectural changes,B-6,01/10/2008,n/a
PZ-07-68,07-0070LC,050-002815,4001 BRITTON PW,The Village at Britton Parkway (First Industrial property),4300 Cemetery Rd,PUD Zoning Development Plan,M-5,Withdrawn 7/8/09,n/a
PZ-07-69,07-0071LC,050-003181,4252 LYMAN DR,Pet Palace,4252 Lyman Dr,M-5 site plan modification,M-5,01/10/2008,n/a
PZ-07-70,07-0072LC,200-000107 200-000109 200-000108 200-000110,,Jerman property rezoning,Scioto Darby Rd & Alton Darby Rd,Assign zoning classification,Rural (TWP),01/10/2008,2/25/2008 (Ord 08-03)
PZ-07-71,07-0073LC,050-000067,5300 CEMETERY RD,Hilliard Lawn & Garden,5300 Cemetery Rd,CRCOD plan,B-2,02/14/2008,n/a
PZ-07-72,07-0074LC,050-003206 050-003040 050-003039 050-007002 050-008785 050-008786 050-008787 050-008789,4595 TRUEMAN BL; 4355 DAVIDSON RD; 4653 TRUEMAN BL,RRIHQ property,Trueman Blvd,Sign variance,B-3,02/14/2008,n/a
PZ-08-1,08-0001LC,050-003337,4658 - 4704 CEMETERY RD,Verizon Wireless,4668 Cemetery Rd,Sign variance,B-2,Withdrawn 5/2/08,n/a
PZ-08-2,08-0002LC,050-002282,4772 CEMETERY RD,Columbus Metropolitan Library,4772 Cemetery Rd,Sign variance,L-B-2,Denied 2/14/2008,n/a
PZ-08-3,08-0003LC,050-003202,4636 - 4640 CEMETARY RD,UDF,4636-4640 Cemetery Rd,Sign variance,B-2,Withdrawn,n/a
PZ-08-4,08-0004LC,050-005144,4656 CEMETERY RD,Kroger / The Little Clinic,4656 Cemetery Rd,Sign variance,B-2,Denied 2/14/2008,n/a
PZ-08-5,08-0005LC,050-002403,4537 CEMETERY RD,Pickups Plus Cars,4537 Cemetery Rd,Sign variance,B-5,07/09/2008,n/a
PZ-08-6,08-0006LC,050-004483,4714 - 4740 CEMETERY RD,Play It Again Sports,4718-4722 Cemetery Rd,Sign variance,B-2,Withdrawn 4/10/08,n/a
PZ-08-7,08-0007LC,050-003265,4462 CEMETERY RD,Tuffy,4462 Cemetery Rd,Sign variance,B-4,Withdrawn 4/23/08,n/a
PZ-08-8,08-0008LC,050-003266,4490 - 4514 CEMETERY RD,Dr. Brooks Chiropractor,4492 Cemetery Rd,Sign variance,B-4,Withdrawn 5/6/08,n/a
PZ-08-9,08-0009LC,050-005767,4440 AVERY RD,"Kiourtsis Orthodontics, Inc.",4440 Avery Rd,Sign variance,L-B-2,02/14/2008,n/a
PZ-08-10,08-0010LC,050-000005,5310 - 5316 CENTER ST,Jack's Appliance,5310 Center St,Sign variance,B-6,03/13/2008,n/a
PZ-08-11,08-0011LC,School sites,,Hilliard City School District,School district properties within Hilliard boundary,Sign variance,S-1,03/13/2008,n/a
PZ-08-12,08-0012LC,050-003297,4401 LYMAN DR,Karaoke Jukebox,4401 Lyman Dr,Sign variance,M-5,Withdrawn 4/9/08,n/a
PZ-08-13,08-0013LC,050-002905 050-002926,2876 HILLIARD & ROME RD; 2880 HILLIARD & ROME RD,Vessel Partners LLC property,2876-2880 Hilliard Rome Rd,PUD Zoning Development Plan,R-1,04/10/2008,7/14/08 (Ord 08-25)
PZ-08-14,08-0014LC,050-002969,3201 HILLIARD & ROME RD,Cash First,3187 Hilliard Rome Rd,Sign variance,B-4,Withdrawn 4/11/08,n/a
PZ-08-15,08-0015LC,050-010487,4083 - 4093 TRUEMAN BL,Sunoco,4091 Trueman Blvd,Temporary Sign,PUD (Soma),03/13/2008,n/a
PZ-08-16,08-0016LC,n/a,,Zoning Code Amendment (Sect. 1131; 1179.09; 1181.03; 1183),n/a,Zoning Code amendment,n/a,04/10/2008,6/9/08 (Ord 08-26)
PZ-08-17,08-0017LC,050-010543,4151 GLYNWATER LN,Hampton Reserve Condos,4151 Glynwater Ln,Sign variance,PUD (Oakmont Partners II),Denied 4/10/2008,n/a
PZ-08-18,08-0018LC,050-008358,Not Found,Brickstone Green Condos,4248 Cosgray Rd,Sign variance,PUD (Hoffman Farms),Denied 4/10/2008,n/a
PZ-08-19,08-0019LC,050-003031 050-003033,4940 DAVIDSON RD,Windmiller Family LP property,4940 Davidson Rd,Lot split,A-1,04/10/2008,n/a
PZ-08-20,08-0020LC,050-000136 050-002288,4142 - 4144 MAIN ST; MAIN ST,Petro Express,4144 Main St,Significant architectural changes; temporary sign,B-6,04/10/2008,n/a
PZ-08-21,08-0021LC,050-000175,4010 MAIN ST,Jones Cochenour & Co.,4010 Main St,Significant architectural changes,B-6,04/10/2008,n/a
PZ-08-22,08-0022LC,050-010594,Not Found,The Shoppes at Trueman,3850 Trueman Blvd,PUD modification,PUD (Soma),06/12/2008,7/14/08 (08-R-22)
,08-0023LC,VOID,,VOID,VOID,VOID,VOID,VOID,VOID
PZ-08-23,08-0024LC,050-009854 050-009841,NADINE PARK DR; 4707 NADINE PARK DR,Estates at Hoffman Farms,,Sign variance Temporary sign,PND (Estates at Hoffman Farms),5/8/2008 Denied temp.,n/a
PZ-08-24,08-0025LC,050-010602,5004 WILCOX RD,Ashleigh Village,4800-4917 Wilcox Rd,Sign variance,PUD (Britton Central),05/08/2008,n/a
PZ-08-25,08-0026LC,050-006545,4949 EDWARDS FARMS RD,Wolpert Enterprises Ltd. Property,4178 Davidson Rd,Sign variance,B-3,05/08/2008,n/a
PZ-08-26,08-0027LC,050-008758,5682 WESTON TRAIL DR,Weston Trail,5682 Weston Trail Dr,Sign variance,R-2,Denied 5/8/2008,n/a
PZ-08-27,08-0028LC,050-009337,6194 TEMPLE RIDGE DR,Lakewood (Trinity Homes),6194 Temple Ridge Dr,Sign variance,PND (Lakewood),Denied 5/8/2008,n/a
PZ-08-28,08-0029LC,050-010046,5001 WILCOX RD,Silverton Farms,5075 Wilcox Rd,Sign variance,PND (AI Ltd),06/12/2008,n/a
PZ-08-29,08-0030LC,050-008207,Not Found,Campus at Alton Darby (Square at Latham Park),6500 Scioto Darby Rd,PUD modification,PUD (Campus at Alton Darby),06/12/2008,12/22/2008 (Ord 08-70)
PZ-08-30,08-0031LC,050-010543,4151 GLYNWATER LN,Hampton Reserve,4151 Glynwater Ln,Sign variance,PUD (Oakmont Partners II),06/12/2008,n/a
PZ-08-31,08-0032LC,050-008358,Not Found,Brickstone Green Condos,4248 Cosgray Rd,Sign variance,PUD (Hoffman Farms),06/12/2008,n/a
PZ-08-32,08-0033LC,050-010599,Not Found,Tremont Club,4643 Tremont Club Dr,Sign variance,PUD (Ansmil),06/12/2008,n/a
PZ-08-33,08-0034LC,050-000137,4094 MAIN ST,Rider Financial Group,4094 Main St,Significant architectural changes,B-6,06/12/2008,n/a
PZ-08-34,08-0035LC,050-008255 050-008256,ANSON DR; 4674 BRITTON PW,Ansmil PUD - Weiler real estate signs,4460 Leap Rd 4384 Davidson Rd,Sign variance,PUD (Ansmil),06/12/2008,n/a
PZ-08-35,08-0036LC,050-000019,4051 MAIN ST,Mel's Old Hilliard Grill,4051 Main St,Architectural changes - outdoor seating/patio,B-6,06/12/2008,n/a
PZ-08-36,08-0037LC,050-000245,4059 WAYNE ST,Lee's Catering,4059 Wayne St,Significant architectural changes,B-6,07/10/2008,n/a
PZ-08-37,08-0038LC,050-003213 050-003220 050-003219 050-003399,PARKWAY LN; 3820 PARKWAY LN,Buckeye Nissan,3820 Parkway Ln,Sign variance,M-5,Withdrawn 8/4/08,n/a
PZ-08-38,08-0039LC,050-003269,3955 BROWN PARK DR,Children's Hospital Close to Home,3955 Brown Park Dr,Sign variance,B-4,Denied 12/11/2008,n/a
PZ-08-39,08-0040LC,040-010594,,K2 Group (Soma Subarea 3),Trueman Blvd,Sign variance,PUD (Soma),06/12/2008,n/a
PZ-08-40,08-0041LC,050-003295,4340 - 4344 LYMAN DR,RJ Boll Real Estate sign,4340 Lyman Dr,Sign variance,M-5,Denied 7/10/2008,n/a
PZ-08-41,08-0042LC,050-009693,6055 WOODSVIEW WY,Village at Homestead,4509 Cosgray Rd,Sign variance,PUD (Patch),07/10/2008,n/a
PZ-08-42,08-0043LC,050-010487,4083 - 4093 TRUEMAN BL,Sunoco,4091 Trueman Blvd,Sign variance,PUD (Soma),07/10/2008,n/a
PZ-08-43,08-0044LC,050-005623,6304 - 6356 SCIOTO DARBY RD,Ohio Health,6356-6358 Scioto Darby Rd,Sign variance,B-5 (Darby Town Center),07/10/2008,n/a
PZ-08-44,08-0045LC,050-002280 050-001531 050-002341 050-002402 050-001871,Not Found,BP,NE corner Cemetery Rd & Britton Pkwy,M-5 site plan; CRCOD plan; conditional use; sign variance,M-5,09/11/2008,n/a
PZ-08-45,08-0046LC,050-003039,4653 TRUEMAN BL,Hilliard Office Preserve,4643 Trueman Blvd,Temporary Sign,B-3,07/10/2008,n/a
PZ-08-46,08-0047LC,050-002837,3600 LEAP RD,Hilliard Presbyterian Church,3600 Leap Rd,Conditional use,R-2,07/10/2008,n/a
PZ-08-47,08-0048LC,050-000221,360 MAIN ST,Resurrection Evangelical Lutheran Church,3500 Main St,Sign variance,B-3,08/14/2008,n/a
PZ-08-48,08-0049LC,050-008779,5690 WESTON TRAIL DR,Weston Trail,5960 Weston Trail Dr,Sign variance,R-2,08/14/2008,n/a
PZ-08-49,08-0050LC,050-010542,4150 GLYNWATER LN,Hampton Reserve,4150 Glynwater,Sign variance,PUD (Hampton Reserve),08/14/2008,n/a
PZ-08-50,08-0051LC,050-009382,TEMPLE RIDGE DR,Lakewood (Trinity Homes),SE corner Strider Ln & Alton Darby Rd,Sign variance,PND (Lakewood),08/14/2008,n/a
PZ-08-51,08-0052LC,050-009886,6251 JEFFRELYN DR,Estates at Hoffman Farms,6251 Jeffrelyn Dr,Sign variance,PND (Estates at Hoffman Farms),Withdrawn 8/14/08,n/a
PZ-08-52,08-0053LC,050-010487,4083 - 4093 TRUEMAN BL,Central Park Retail (truck stop),4083-4097 Trueman Blvd,Sign variance,PUD (Soma),09/11/2008,n/a
PZ-08-53,08-0054LC,050-010605,4761 RIGGINS RD,Britton Central,Britton Central PUD Subarea A3,PUD modification,PUD (Britton Central),09/11/2008,10/14/08 (08-R-36)
PZ-08-54,08-0055LC,050-010592,3775 - 3779 TRUEMAN CT,Cardinal Orthopaedic Institute,3777 Trueman Ct,Temporary Sign,PUD (Soma),09/11/2008,n/a
PZ-08-55,08-0056LC,050-005623,6304 - 6356 SCIOTO DARBY RD,Darby Town Center,Scioto Darby Rd & Cosgray Rd,B-5 Plan modification,B-5,09/11/2008,
PZ-08-56,08-0057LC,050-002976,3999 PARKWAY LN,James & Dolores Day property,3999 Parkway Ln,Conditional use,M-5,09/11/2008,n/a
PZ-08-57,08-0058LC,050-000147,5231 NORWICH ST,Image Professionals,5231 Norwich St,Significant architectural changes,B-6,09/11/2008,n/a
PZ-08-58,08-0059LC,050-000162,5207 NORWICH ST,Kirkey & Company,5207 Norwich St,Significant architectural changes,B-6,09/11/2008,n/a
PZ-08-59,08-0060LC,050-002979 050-002399 050-002398,4196 AVERY RD; 4180 AVERY RD; 4166 AVERY RD,"Sullivan, Kesler & Davis rezoning","4196, 4180, 4166 Avery Rd",Rezoning,R-2,09/11/2008,12/22/08 (Ord 08-72)
PZ-08-60,08-0061LC,050-007649,3575 MAIN ST,Dunkin' Donuts,3636 Heritage Club Dr,PUD plan modification; conditional use; sign variance,PUD (Heritage Lakes),Withdrawn 11/3/08,n/a
PZ-08-61,08-0062LC,n/a,,Capital Improvements Program (2009-2013),n/a,n/a,n/a,10/09/2008,
PZ-08-64,08-0063LC,050-003868,4663 CRYSTAL BALL RD,Crystal Lake Apartments,4663 Crystal Ball Dr,Sign variance,R-5,Denied 10/9/2008,n/a
PZ-08-63,08-0064LC,050-000153,4095 MAIN ST,Bella Capelli Salon,4095 Main St,Sign variance,B-6,10/09/2008,n/a
PZ-08-62,08-0065LC,050-000213,4120 - 4124 WAYNE ST,Shearz Hair Design,4122 Wayne St,Significant architectural changes,B-6,10/09/2008,n/a
PZ-08-65,08-0066LR,050-008936,Not Found,Baumeister PND,4411 Cosgray Rd,PND extension,PND (Baumeister),11/13/2008,12/8/08 (08-R-39)
PZ-08-66,08-0067LC,050-002164,3685 MAIN ST,McDonald's,3685 Main St,Sign variance,B-2,11/13/2008,n/a
PZ-08-67,08-0068LC,050-001542,3672 - 3680 MAIN ST,La Famosa,3672 Main St,Temporary Sign,B-2,Withdrawn 10/16/08,n/a
PZ-08-68,08-0069LC,050-000121,5275 NORWICH ST,New Perspective Builders,5275 Norwich St,Signficant architectural changes,B-6,11/13/2008,n/a
PZ-08-69,08-0070LC,050-002282,4772 CEMETERY RD,Columbus Metropolitan Library,4772 Cemetery Rd,Sign variance,L-B-2,11/13/2008,n/a
PZ-08-70,08-0071LR,050-000095,4004 MAIN ST,Pesaru residence,4004 Main St,Architectural changes,B-6,11/13/2008,n/a
PZ-08-71,08-0072LC,050-009940 050-009958,4986 WILCOX RD,Wilcox Road Community (Ray property),Wilcox Rd & Riggins Rd,PUD Zoning Development Plan,A-1,02/12/2009,9/28/09 (Ord 09-39)
PZ-08-72,08-0073LC [See 15-0194LC for file],050-010512 050-010762 050-010763 050-010761 050-010764,3993 COSGRAY RD; 3680 COSGRAY RD,Alton Commons (Jerman & City of Hilliard properties),South side of Scioto Darby Rd & East side of Alton Darby Rd,PUD Zoning Development Plan,A-1 & S-1,10/08/2009,4/26/10 (Ord 10-10)
PZ-08-73,08-0074LR,050-001286,5247 WYANDOT PL,Jenkins residence,5247 Wyandot Pl,Special permit - ham radio tower,R-2,11/13/2008,n/a
PZ-08-74,08-0075LC,050-004488,3975 BROWN PARK DR,Tomorrow's Child,3975 Brown Park Dr,Sign variance,B-4,01/08/2009,n/a
PZ-08-75,08-0076LR,050-010749 050-010752,Not Found,Hickory Chase (Erickson),Ansmil PUD Subarea E1,PUD modification,PUD (Ansmil),12/11/2008,
PZ-08-76,08-0077LC,050-000066,4065 MAIN ST,The Old Bag of Nails,4065 Main St,Significant architectural changes; sign variance,B-6,12/11/2008,n/a
PZ-08-77,08-0078LC,050-001323,5054 - 5068 CEMETERY RD,Active Travel,5064 Cemetery Rd,Sign variance; Temporary sign,B-2,1/08/09 Denied variance; approved temporary sign,n/a
PZ-08-78,08-0079LC,050-000115,5286 S FRANKLIN ST,U-Haul,5286 Franklin St,Conditional use,B-6,03/12/2009,n/a
PZ-08-79,08-0080LC,050-003039 050-003040 050-003205 050-003206 050-007002 050-008785 050-008787 050-008789,4653 TRUEMAN BL; 4355 DAVIDSON RD; 4643 TRUEMAN BL; 4595 TRUEMAN BL,Timberline (Hilliard Office Preserve),4635-4653 Trueman Blvd,Sign variance,B-3,01/08/2009,n/a
PZ-08-80,08-0081LC,050-009693,6055 WOODSVIEW WY,Primrose School,Patch Property PUD Subarea 4,Lot split; final development plan; conditional use; sign variance,PUD (Patch),4/9/2009 Signage approved on 6/11/09,n/a
PZ-08-81,08-0082LC,050-010594,Not Found,National City Bank,Soma PUD Subarea 3,Lot split; final development plan,PUD (Soma),Withdrawn 2/6/09,n/a
PZ-08-82,08-0083LC,050-002895,3660 PARKWAY LN,Javaco,"3670 Parkway Ln, Suite D & E",Conditional use - ancillary retail,M-5,02/12/2009,n/a
PZ-09-1,08-0084LC,050-009209,4453 - 4489 CEMETERY RD,Express Consumer Loans,4469 Cemetery Rd,Sign variance,B-5,Withdrawn 2/6/09,n/a
PZ-09-2,09-0001LC,050-006467,3401 MILL RUN DR,The Residences at Mill Run,Mill Run,Lot split; PUD mod; FDP; sign variance,PUD (Mill Run),Withdrawn 5/14/09,n/a
PZ-09-3,09-0002LC,School Sites,,Hilliard City School District signs,School district properties,Sign variance,n/a,03/12/2009,n/a
PZ-09-4,09-0003LC,050-007624,4311 - 4345 COSGRAY RD,Cosgray Retail Center,4315 Cosgray Rd,Sign variance,PUD (Hoffman Farms),Denied 3/12/09,n/a
PZ-09-5,09-0004LC,050-000217,4066 MAIN ST,Cornerstone Christian Fellowship,4066 Main St,Significant architectural change,B-6,03/12/2009,n/a
PZ-09-6,09-0005LC,050-001323,5054 - 5068 CEMETERY RD,Active Travel,5064 Cemetery Rd,Sign variance,B-1,04/09/2009,n/a
PZ-09-7,09-0006LC,050-009854,NADINE PARK DR,Estates at Hoffman Farms,6070 Jeffrelyn Dr,Sign variance,PND (Estates at Hoffman Farms),04/09/2009,n/a
PZ-09-8,09-0007LC,050-003183,4601 LYMAN DR,Team Rahal site,4601 Lyman Dr,Sign variance,M-5,04/09/2009,n/a
PZ-09-9,09-0008LC,050-000149,4127 MAIN ST,Dublin Dental,4127 Main St,Significant architectural change,B-6,04/09/2009,n/a
PZ-09-10,09-0009LC,120-000055 120-000200 120-000229 120-000075,,Homewood et al properties zoning,West of Alton Darby Rd & North of Roberts Rd,Zoning classification,Rural (Twp),05/14/2009,
,09-0010LC,VOID,,VOID,VOID,VOID,VOID,VOID,VOID
PZ-09-11,09-0011LC,050-007618,3399 MILL RUN DR,Mill Run Care Center,3399 Mill Run Dr,PUD mod,PUD (Mill Run),05/14/2009,7/13/2009 (09-R-30)
PZ-09-12,09-0012LR,050-000129,5298 FRANKLIN ST,Jacobs residence,5298 Franklin St,Significant architectural change,B-6,05/14/2009,n/a
PZ-09-13,09-0013LC,050-010602,5004 WILCOX RD,Ashleigh Village,4800 - 4917 Ashleigh Dr,Sign variance,PUD (Britton Central),05/14/2009,n/a
PZ-09-14,09-0014LC,050-000115,5286 S FRANKLIN ST,Sharp Imports,5286 Franklin St,Conditional use; Significant architectural changes,B-6,05/14/2009,n/a
PZ-09-15,09-0015LC,050-000183,5344 CENTER RD,Otie's Tavern & Grill,5344 Center St,Significant architectural change,B-6,05/14/2009,n/a
PZ-09-16,09-0016LR,050-000253,5145 NORWICH ST,Root residence,5145 Norwich St,Significant architectural change,B-6,06/11/2009,n/a
PZ-09-17,09-0017LC,050-008257,Not Found,Tremont Club,4701 Leap Rd,Sign variance,PUD (Ansmil),06/11/2009,n/a
PZ-09-18,09-0018LC,050-010638,TREMONT CLUB DR,Tremont Club,4800 Tremont Club Dr,Sign variance,PUD (Ansmil),06/11/2009,n/a
PZ-09-19,09-0019LC,050-010542,4150 GLYNWATER LN,Hampton Reserve,4150 Glynwater Ln,Sign variance,PUD (Oakmont Partners),06/11/2009,n/a
PZ-09-20,09-0020LC,050-008358,Not Found,Brickstone Green condos,4248 Cosgray Rd,Sign variance,PUD (Hoffman Farms),06/11/2009,n/a
PZ-09-21,09-0021LC,050-010590,Not Found,Hampton Reserve condos,4204 Streambank Dr,Sign variance,PUD (Oakmont Partners),06/11/2009,n/a
PZ-09-22,09-0022LC,050-009693,6055 WOODSVIEW WY,Village at Homestead,6055 Woodsview Way,Sign variance,PUD (Patch),06/11/2009,n/a
PZ-09-23,09-0023LC,050-010046,5001 WILCOX RD,Silverton Farms,5001 Wilcox Rd,Sign variance,PND (AI Ltd),06/11/2009,n/a
PZ-09-24,09-0024LR,050-000095 050-000143,4004 MAIN ST; MAIN ST,Pesaru residence,4004 Main St,Significant architectural change,B-6,06/11/2009,n/a
PZ-09-25,09-0025LC,050-000377,5491 SCIOTO DARBY RD,Bonnie H. Brown property,5491 Scioto Darby Rd,Sign variance,B-3,06/11/2009,n/a
PZ-09-26,09-0026LC,050-010594,Not Found,Primrose School,Soma PUD Subarea 3,FDP,PUD (Soma),07/09/2009,n/a
PZ-09-27,09-0027LC,050-004028,4455 REYNOLDS DR,Star Dynamics,4455 Reynolds Dr,Sign variance,M-5,Withdrawn 7/30/09,n/a
PZ-09-28,09-0028LC,050-000019,4051 MAIN ST,Abner's,4051 Main St,Significant architectural change,B-6,07/09/2009,n/a
PZ-09-29,09-0029LR,050-000018,5333 FRANKLIN ST,Silverman residence,5333 Franklin St,Significant architectural change,B-6,07/09/2009,n/a
PZ-09-30,09-0030LC,050-004080,3455 MILL RUN DR,One Mill Run,3455 Mill Run Dr,Sign variance,PUD (Mill Run),08/13/2009,n/a
PZ-09-31,09-0031LC,050-010594,Not Found,Blazing Star Subdivision,Soma PUD Subarea 3,Final Plat amendment,PUD (Soma),08/13/2009,n/a
PZ-09-32,09-0032LC,050-002871,4731 - 4751 NORTHWEST PW,Sweet Science,4749 Northwest Pkwy,Conditional use,M-5,08/13/2009,n/a
PZ-09-33,09-0033LC,050-002871,4731 - 4751 NORTHWEST PW,A1 Archery,4190 Weaver Ct South,Conditional use,M-5,08/13/2009,n/a
PZ-09-34,09-0034LR,200-000001 200-003702,,Anderson Meadows,6248 Roberts Rd,PUD Zoning Development Plan,Rural (Twp),01/14/2010,7/12/2010 (Ord. 10-24)
PZ-09-35,09-0035LC,050-000136 050-002288,4142 - 4144 MAIN ST; MAIN ST,Sunoco,4144 Main St,Significant architectural change; sign variance,B-6,11/12/2009,n/a
PZ-09-36,09-0036LR,050-000328,5426 MADISON ST,Daniel residence,5426 Madison St,Architectural change,B-6,Denied 11/12/09,n/a
PZ-09-37,09-0037LC,n/a,,Capital Improvements Program (2010-2014),,,n/a,11/12/2009,n/a
PZ-09-38,09-0038LC,"120-000196, 177, 178, 179, 194, 366",,Planned Development Company of Ohio & Danken LLC,West of Alton Darby Rd & North of Pinefield Rd,Zoning classification,Rural (Twp),11/12/2009,n/a
PZ-09-39,09-0039LC,050-008255,ANSON DR,Anson Drive dedication & easements,Anson Drive between Leap Rd & Britton Pkwy,Final Plat amendment,PUD (Ansmil),11/12/2009,n/a
PZ-09-40,09-0040LR,050-008430,"RESERVE ""C""",Hoffman Farms subdivision,Scioto Darby Rd & Hoffman Farms Dr,Sign variance,PUD (Hoffman Farms),Withdrawn 12/8/09,n/a
PZ-09-41,09-0041LC,050-009693,6055 WOODSVIEW WY,Primrose School,4370 Creekbend Dr,Final Development Plan modification,PUD (Patch),Withdrawn 10/15/09,n/a
PZ-09-42,09-0042LC,050-008370; 050-007271; 050-005702; 050-005624; 050-005625; 050-008207; 050-010776; 050-010623; 050-009101; 053-000003,SCIOTO DARBY CRK RD; 6368 SCIOTO DARBY RD; 6400 SCIOTO DARBY RD; 6500 SCIOTO DARBY RD; 5181 NORTHWEST PW; 6594 SCIOTO DARBY RD,Campus at Alton Darby,North side of Scioto Darby Rd @ Alton Darby Rd,PUD Zoning Development Plan,"A-1, B-4, PUD (Campus at Alton Darby) (The Square at Latham Park)",12/10/2009,8/23/2010 (Ord. 10-12)
PZ-09-43,09-0043LC,050-000178 050-000100,5354 CEMETERY RD; 5330 - 5334 CEMETERY RD,Rhees & Cope properties,5354 Cemetery Rd 5330 Cemetery Rd,Deed transfer,B-2,11/12/2009,n/a
PZ-09-44,09-0044LC,050-002869 050-002801 050-002870,NORTHWEST PW; 4600 NORTHWEST PW,Rich Products,4600 Northwest Pkwy,M-5 Plan,M-5,12/10/2009,n/a
PZ-09-45,09-0045LC,050-007509,Not Found,Hometown Buffet,3727 Park Mill Run Dr,Sign variance,PUD (Mill Run),12/10/2009,n/a
PZ-09-46,09-0046LC,050-007238,3799 PARK MILL RUN DR,National City Bank Trust property (former Damon's site),3799 Park Mill Run Dr,Sign variance,PUD (Mill Run),12/10/2009,n/a
PZ-09-47,09-0047LC,n/a,,Code Amendment - Review of Ordinance No. 90-60,n/a,n/a,n/a,12/10/2009,n/a
PZ-09-48,09-0048LC,200-000057 200-000191,,Alton Darby & Darby Creek Elementary Schools zoning,2730 Alton Darby Rd 6305 Pinefield Dr,Zoning classification,Rural (Twp),01/14/2010,04/26/2010
PZ-09-49,09-0049LC,050-002869 050-002801 050-002870,NORTHWEST PW; 4600 NORTHWEST PW,Rich Products,4600 Northwest Pkwy,Easement vacation,M-5,01/14/2010,n/a
PZ-09-50,09-0050LC,050-000200,5271 NORWICH ST,Zappitelli property,5271 Norwich St,Significant architectural changes,B-6,01/14/2010,n/a
PZ-10-1,10-0001LC,050-008257,Not Found,Hilliard Care Center,4787 Tremont Club Dr,Sign variance,PUD (Ansmil),Withdrawn,n/a
PZ-10-2,10-0002LC,050-002984,4500 SUTPHEN CT,Sutphen Towers Inc.,4500 Sutphen Ct,M-5 Plan modification,M-5,03/11/2010,n/a
PZ-10-3,10-0003LC,120-000151; 438; 456,,Brown Elementary School,2494 Walker Rd,Zoning classification,Rural (Twp),04/08/2010,6/28/10 (Ord. 10-23)
PZ-10-4,10-0004LR,050-009670,6107 JANES WY,Reese property,6107 Janes Way,Conditional use (home occupation),PUD (Patch),Denied 4-8-10,n/a
PZ-10-5,10-0005LC,050-000972,5321 NORWICH ST,Tidd Funeral Home,5321 Norwich St,Conditional use (mortuary),B-6,04/08/2010,n/a
PZ-10-6,10-0006LC,050-000178,5354 CEMETERY RD,"Mary E. Scott, MD, Inc.",5354 Cemetery Rd,Sign variance,B-2,04/08/2010,n/a
PZ-10-7,10-0007LC,050-002872,Not Found,Speed Doctorz,4643 Northwest Pkwy,Conditional use (athletic instruction),M-5,04/08/2010,n/a
PZ-10-8,10-0008LC,050-000059,5274 NORWICH ST,Northwest Franklin County Historical Society,5274 Norwich St,Significant architectural changes & sign variance,B-6,05/13/2010,n/a
PZ-10-9,10-0009LC,050-004080,3455 MILL RUN DR,One Mill Run,3455 Mill Run Dr,Sign variance,PUD (Mill Run),05/13/2010,n/a
PZ-10-10,10-0010LC,050-007238,3799 PARK MILL RUN DR,Jed's BBQ & Brew,3799 Park Mill Run Dr,Sign variance,PUD (Mill Run),05/13/2010,n/a
PZ-10-11,10-0011LC,050-004914,3810 LACON RD,"Sparks Commercial Tire, Inc.",3810 Lacon Dr,Conditional use & Sign variance,M-5,05/13/2010,n/a
PZ-10-12,10-0012LC,050-010046,5001 WILCOX RD,Silverton Farms,5001 Wilcox Rd,Sign variance,PND (AI Ltd),05/13/2010,n/a
PZ-10-13,10-0013LC,050-002317; 3349;2430; 2838; 3023; 2310,Not Found,Northwest Parkway,,Final Plat,S-1 & R-2,05/13/2010,5/24/10 (Res10-R-25)
PZ-10-14,10-0014LC,050-000182,Not Found,Otie's Tavern & Grill,5344 Center St,Significant architectural changes,B-6,05/13/2010,n/a
PZ-10-15,10-0015LR,050-004002,4643 SCHIRTZINGER RD,Ernst property,4643 Schirtzinger Rd,Lot split,R-1a,05/13/2010,n/a
PZ-10-16,10-0016LC,050-005768,Not Found,Farmers Market,4019 Main St,Architectural change & Sign variance,B-6,06/10/2010,n/a
PZ-10-17,10-0017LR,050-008258,4655 LEAP RD,Tremont Club,4701 Leap Rd,Sign variance,PUD (Ansmil),06/10/2010,n/a
PZ-10-18,10-0018LR,050-010638,TREMONT CLUB DR,Tremont Club,4800 Tremont Club Dr,Sign variance,PUD (Ansmil),06/10/2010,n/a
PZ-10-19,10-0019LR,050-009693,6055 WOODSVIEW WY,Village at Homestead,6055 Woodsview Way,Sign variance,PUD (Patch),06/10/2010,n/a
PZ-10-20,10-0020LR,050-010542,4150 GLYNWATER LN,Hampton Reserve,4150 Glynwater Ln,Sign variance,PUD (Oakmont Partners),06/10/2010,n/a
PZ-10-21,10-0021LR,050-010590,Not Found,Hampton Reserve Condos,4204 Streambank Dr,Sign variance,PUD (Oakmont Partners),06/10/2010,n/a
PZ-10-22,10-0022LR,050-008358,Not Found,Brickstone Green condos,4248 Cosgray Rd,Sign variance,PUD (Hoffman Farms),06/10/2010,n/a
PZ-10-23,10-0023LC,050-000005,5310 - 5316 CENTER ST,Jack's Appliance,5310 Center St,Significant architectural changes,B-6,06/10/2010,n/a
PZ-10-24,10-0024LC,050-000114,4098 MAIN ST,Betty Patch property,4098 Main St,Significant architectural changes,B-6,06/10/2010,n/a
PZ-10-25,10-0025LR,050-000189,4139 MAIN ST,Dan Denney property,4139 Main St,Architectural changes,B-6,06/10/2010,n/a
PZ-10-26,10-0026LC,050-007806 & 050-007004,MILL RUN DR; 3785 PARK MILL RUN DR,Clearview Hilliard LP,3780 Park Mill Run Dr (former Kmart site),PUD modification,PUD (Mill Run),06/10/2010,7/12/2010 (Res10-R-32)
PZ-10-29,10-0027LC,050-007700,4577 LYMAN DR,Scioto Valley,4577 Lyman Dr,M-5 Plan modification,M-5,07/08/2010,n/a
PZ-10-30,10-0028LC,050-003039 & 050-003040,4653 TRUEMAN BL; 4355 DAVIDSON RD,Timberline,4355-4643 Trueman Blvd,PUD modification,B-3 & PUD,Postponed Indefinitely,n/a
PZ-10-31,10-0029LC,050-002993,4350 WEAVER CT NORTH,Rich Products,4600 Northwest Pkwy,M-5 Plan modification,M-5,07/08/2010,n/a
PZ-10-32,10-0030LC,050-010871,4370 CREEKBEND DR,Primrose School,4370 Creekbend Dr,Sign variance & temporary signage,PUD (Patch),07/08/2010,n/a
PZ-10-28,10-0031LC,050-002974,4546 CEMETERY RD,Certified,4546 Cemetery Rd,Sign variance,B-4,07/08/2010,n/a
PZ-10-33,10-0032LC,050-000865; 872; 376,5459 CEMETERY RD,Donatos,3817 Main St,CRCOD variance & Sign variance,L-B-1,07/08/2010,n/a
PZ-10-34,10-0033LC,050-004001,3906 - 3914 BROWN PARK RD,Educational Apparel,3906 Brown Park Dr,Sign variance,B-4,07/08/2010,n/a
PZ-10-35,10-0034LR,050-002167,5471 SCIOTO DARBY RD,The Laurels of Hilliard,5471 Scioto Darby Rd,Sign variance,R-4,08/12/2010,n/a
PZ-10-27,10-0035LR,050-009670,6107 JANES WY,Reese property,6107 Janes Way,Conditional use (home occupation),PUD (Patch),Withdrawn,n/a
PZ-10-36,10-0036LC,050-007016,3781 PARK MILL RUN DR,CB Richard Ellis,3781 Park Mill Run Dr,Sign variance,PUD (Mill Run),08/12/2010,n/a
PZ-10-37,10-0037LC,050-010594,Not Found,Primrose School,4230 Trueman Blvd,Sign variance,PUD (Soma),08/12/2010,n/a
PZ-10-38,10-0038LC,050-004194,5471 FRAZELL RD,Parkside Community Church,5505 Hyde Park Dr,Conditional use (school),A-1,08/12/2010,n/a
PZ-10-39,10-0039LR,050-008936,Not Found,Estates at Hoffman Farms,4411 Cosgray Rd,Final Plat,PUD (Baumeister),09/09/2010,10/25/10 (Res10-R-39)
PZ-10-40,10-0040LC,050-007274,3641 - 3681 FISHINGER BL,Title Boxing,3645 Fishinger Rd,Conditional use,PUD (Mill Run),09/09/2010,n/a
PZ-10-41,10-0041LC,050-000274,4060 WAYNE ST,Heritage Dental,4060 Wayne St,Significant architectural changes,B-6,09/09/2010,n/a
PZ-10-42,10-0042LC,050-000219,4235 AVERY RD,Circle K,4235 Avery Rd,Sign variance,B-1,10/14/2010,n/a
PZ-10-43,10-0043LC,050-001979,5551 SCIOTO DARBY RD,Hilliard United Methodist Church,5445 Scioto Darby Rd,Sign variance,B-3,Withdrawn 10/14/2010,n/a
PZ-10-44,10-0044LC,050-003297,4401 LYMAN DR,Enterprise Investments LP property,4401 Lyman Dr,Sign variance,M-5,11/10/2010,n/a
PZ-10-45,10-0045LC,050-003367 & 050-004071,3930 RIDGE MILL RD,Mitsubishi (formerly Saturn),3880 Fishinger Blvd,Sign variance,PUD (Mill Run),10/14/2010,n/a
PZ-10-46,10-0046LC,050-000221,360 MAIN ST,Resurrection Evangelical Lutheran Church,3500 Main St,Sign variance,B-3,11/10/2010,n/a
PZ-10-47,10-0047LC,050-004080,3455 MILL RUN DR,One Mill Run,3455 Mill Run Dr,Sign variance,PUD (Mill Run),11/10/2010,n/a
PZ-10-48,10-0048LC,050-000288,5105 CEMETERY RD,Luxury Tattoo,5105 Cemetery Rd,Sign variance,B-1,11/10/2010,n/a
PZ-10-49,10-0049LC,050-000222,3606 MAIN ST,Goodwill,3606 Main St,Sign variance,B-2,01/13/2011,n/a
PZ-10-50,10-0050LC,050-004028,4455 REYNOLDS DR,Star Dynamics,4455 Reynolds Dr,Sign variance,M-5,01/13/2011,n/a
PZ-10-51,10-0051LC,050-002801,NORTHWEST PW,Rich Products,4600 Northwest Pkwy,M-5 Plan modification,M-5,01/13/2011,n/a
PZ-10-52,10-0052LC,050-007273,3831 PARK MILL RUN DR,Comfort Suites,3831 Park Mill Run Dr,Sign variance,PUD (Mill Run),Withdrawn 12/16/10,n/a
PZ-10-53,10-0053LC,050-000191 & 050-000109,3840 MAIN ST; 3860 MAIN ST,Jiffy Lube,3840 Main St,Sign variance,B-4,01/13/2011,n/a
PZ-10-54,10-0054LC,050-003558,4889 WALLINGTON DR,Elizabeth Hair Design,4889 Wallington Dr,Conditional use (home occupation),R-5,01/13/2011,n/a
PZ-10-55,10-0055LR,050-008383,Not Found,Trails Edge,Cosgray Rd,PUD modification,PUD (Trails Edge),01/13/2011,2/14/11 (11-R-08)
PZ-10-56,10-0056LC,050-000339,3991 MAIN ST,Powell Prints,3991 Main St,Significant architectural changes,B-6,01/13/2011,n/a
PZ-10-57,10-0057LC,050-003176 & 050-003233,4050 BRITTON PW,JD Equipment,4079 Lyman Dr,M-5 Plan modification,M-5,01/13/2011,n/a
PZ-11-1,11-0001LC,050-003043,4530 GENEROSITY WY,Ohio Business College,4525 Trueman Blvd,"Lot split, conditional use, final development plan",PUD (Soma),02/10/2011,n/a
PZ-11-2,11-0002LC,050-003032,4770 BRITTON PW,Crossing Community Church,4770 Britton Pkwy,Conditional use,B-3,03/10/2011,n/a
PZ-11-5,11-0003LR,050-008383,Not Found,Trails Edge,4740-4760 Cosgray Rd,Final plat,PUD (Trails Edge),03/10/2011,2/14/11 (11-R-08)
PZ-11-4,11-0004LC,050-003297,4401 LYMAN DR,Karaoke Jukebox,4401 Lyman Dr,Sign variance,M-5,Withdrawn 3/3/11,n/a
PZ-11-3,11-0005LC,050-010623,5181 NORTHWEST PW,Safety Services Building,5171-5181 Northwest Pkwy,Sign variance,S-1,03/10/2011,n/a
PZ-11-6,11-0006LC,050-007509,Not Found,Hometown Buffet,3727 Park Mill Run Dr,Sign variance,PUD (Mill Run),Denied 4/14/11,n/a
PZ-11-7,11-0007LC,050-003196,4011 - 4015 WAYNE ST,Japanese Automotive Service,4011-4015 Wayne St,Conditional use; Significant architectural changes,B-6,04/14/2011,n/a
PZ-11-8,11-0008LC,050-003176 050-003233,4050 BRITTON PW,JD Equipment,4079 Lyman Dr,M-5 plan modification,M-5,04/14/2011,n/a
PZ-11-9,11-0009LC,050-000361,5286 CENTER ST,Benito's,5286 Center St,Architectural changes - fence,B-6,04/14/2011,n/a
PZ-11-10,11-0010LC,050-000529,5515 SCIOTO DARBY RD,"DLR Properties, LLC",5515 Scioto Darby Rd,Sign variance,B-3,Denied 5/12/11,n/a
PZ-11-11,11-0011LR,050-009940,4986 WILCOX RD,Hilliard Grand Apartments,4986 Wilcox Rd,Sign variance,PUD,05/12/2011,n/a
PZ-11-12,11-0012LC,050-002895,3660 PARKWAY LN,Richelieu Hardware,3670 Parkway Ln,Sign variance,M-5,05/12/2011,n/a
PZ-11-13,11-0013LR,050-010494,Not Found,Anderson Meadows Section 1,6248 Roberts Rd,Final plat,PUD (Anderson Meadows),06/09/2011,6/25/11 (12-R-34)
PZ-11-14,11-0014LR,050-008257,Not Found,Tremont Club,4673 Leap Rd,Sign variance,PUD (Ansmil),06/09/2011,n/a
PZ-11-15,11-0015LR,050-010638,TREMONT CLUB DR,Tremont Club,4800 Tremont Club Dr,Sign variance,PUD (Ansmil),06/09/2011,n/a
PZ-11-16,11-0016LR,050-010542,4150 GLYNWATER LN,Hampton Reserve,4150 Glynwater Ln,Sign variance,PUD (Oakmont Partners II),06/09/2011,n/a
PZ-11-17,11-0017LR,050-010590,Not Found,Hampton Reserve Condos,4204 Streambank Dr,Sign variance,PUD (Oakmont Partners II),06/09/2011,n/a
PZ-11-18,11-0018LR,050-008358,Not Found,Brickstone Green condos,4248 Cosgray Rd,Sign variance,PUD (Hoffman Farms),06/09/2011,n/a
PZ-11-19,11-0019LC,050-004483 050-003337,4714 - 4740 CEMETERY RD; 4658 - 4704 CEMETERY RD,Hilliard Square Shopping Center,4682 Cemetery Rd,Sign variance,B-2,Withdrawn 9/7/11,n/a
PZ-11-20,11-0020LC,050-002979,4196 AVERY RD,New Life Chiropractic,4196 Avery Rd,Sign variance,B-6,07/14/2011,n/a
PZ-11-21,11-0021LC,050-000121,5275 NORWICH ST,Norwich Street LLC,5275 Norwich St,Significant architectural changes,B-6,07/14/2011,n/a
PZ-11-22,11-0022LC,050-000203,4009 - 4013 MAIN ST,Antonio Violins & Cruise Quarters,"4009, 4011, 4013 Main St",Architectural changes - sign,B-6,07/14/2011,n/a
PZ-11-23,11-0023LC,n/a,,Hilliard Comprehensive Plan,n/a,Comprehensive Plan Adoption,n/a,08/11/2011,10/24/2011
PZ-11-24,11-0024LC,050-002869 050-002993 050-002994 050-002801 050-002870,NORTHWEST PW; 4350 WEAVER CT NORTH; 4402 WEAVER CT NORTH; 4600 NORTHWEST PW,Rich Products Corporation,4600 Northwest Pkwy,M-5 Plan,M-5,07/14/2011,n/a
PZ-11-25,11-0025LC,050-000183,5344 CENTER RD,Otie's Tavern & Grill,5344 Center St,Significant architectural changes,B-6,09/08/2011,n/a
PZ-11-26,11-0026LC,050-003734,4241 LEAP RD,"Armstrong World Industries, Inc.",4241 Leap Rd,M-5 plan modification,M-5,08/11/2011,n/a
PZ-11-27,11-0027LR,050-0008936,5217 SCIOTO DARBY RD,Estates at Hoffman Farms Section 4 Phase 1,4411 Cosgray Rd,Final plat,PUD (Baumeister),09/08/2011,9/26/11 (11-R-51)
PZ-11-28,11-0028LC,120-000223 120-000251 120-000587,,Northwest Bible Church,6639 Scioto Darby Rd,Zoning classification,Rural (Twp),09/08/2011,10-22-12 (Ord. 12-50)
PZ-11-29,11-0029LC,050-010602,5004 WILCOX RD,Ashleigh Village,4800-4917 Ashleigh Dr,Sign variance,PUD (Britton Central),09/08/2011,n/a
PZ-11-30,11-0030LC,n/a,,Zoning Code Amendment Chapter 1113,n/a,Zoning Code amendment,n/a,09/08/2011,11/14/2011 (Ord. 11-38)
PZ-11-31,11-0031LC,050-002267,3600 PARKWAY LN,Cambrand Ltd. Property,3600 Parkway Ln,Sign variance,M-5,10/13/2011,
PZ-11-32,11-0032LC,050-003183,4601 LYMAN DR,"Team Rahal, Inc. property",4601 Lyman Dr,Sign variance,M-5,10/13/2011,n/a
PZ-11-33,11-0033LC,050-001488,4200 LYMAN CT,Pharmaforce Inc.,4200 Lyman Dr,M-5 plan,M-5,10/13/2011,n/a
PZ-11-35,11-0034LC,050-009854,NADINE PARK DR,Estates at Hoffman Farms,6070 Jeffrelyn Dr,Sign variance,R-5,10/13/2011,n/a
PZ-11-34,11-0035LR,050-010844,6373 MEADOWS WY,Hilliard Summit,6364 Roberts Rd,Sign variance,PUD (Anderson Meadows),10/13/2011,n/a
,11-0036LC,VOID,,VOID,VOID,VOID,VOID,VOID,VOID
PZ-11-36,11-0037LC,050-003290,4545 SUTPHEN CT,Community Green Landscape,4545 Sutphen Ct,M-5 plan modification,M-5,10/13/2011,n/a
PZ-11-37,11-0038LC,050-002408,4708 CEMETERY RD,Advance Auto Parts,4708 Cemetery Rd,Sign variance,B-2,Withdrawn 10-18-11,n/a
PZ-11-38,11-0039LC,050-010871,4370 CREEKBEND DR,Primrose School,4370 Creekbend Dr,Final Development Plan modification,PUD (Patch),11/10/2011,n/a
PZ-11-39,11-0040LC,050-002091,4399 CEMETERY RD,Meineke Car Care & Econo Lube & Tire,4399 Cemetery Rd,Conditional use; M-5 plan modification,M-5,11/10/2011,n/a
PZ-11-40,11-0041LC,050-003176 050-003233,4050 BRITTON PW,JD Equipment,4079 Lyman Dr,M-5 plan modification; Sign variance,M-5,11/10/2011,n/a
PZ-11-41,11-0042LC,050-000873,3545 MAIN ST,Auto Zone,3545 Main St,Sign variance,B-2,Withdrawn 10-18-11,n/a
PZ-11-42,11-0043LC,050-004080,3455 MILL RUN DR,One Mill Run,3455 Mill Run Dr,Sign variance,PUD (Mill Run),11/10/2011,n/a
PZ-11-43,11-0044LC,050-003298,ANSON DR,The Energy Lab,4108 Anson Dr,Conditional use,M-5,12/08/2011,n/a
PZ-11-44,11-0045LC,560-212712,,Guide Church Baptist,3342 Rome Hilliard Rd,Sign variance,A-1,12/08/2011,n/a
PZ-11-45,11-0046LR,050-000250,5158 NORWICH ST,Ross residence,5158 Norwich St,Significant architectural changes,B-6,12/08/2011,n/a
,,n/a,,Capital Improvements Program (2012-2016),n/a,Capital Improvements Program (2012-2016),n/a,12/08/2011,1/9/12 (Ord. 11-53)
PZ-11-46,11-0047LC,050-003337,4658 - 4704 CEMETERY RD,Hertz,4686 Cemetery Rd,Conditional use - auto sales,B-2,01/12/2012,n/a
PZ-11-48,11-0048LC,050-000024,3900 LATTIMER ST,Sarah Ann's Learning Unlimited,3898 Lattimer St,Conditional use - child care facility,B-3,01/12/2012,n/a
PZ-11-47,11-0049LC,052-000118 052-000115 052-000119 052-000120 052-000117 052-000114 052-000002,,Dominion Homes Inc.; Charles Buck; and Steven Buck,7147 and 7157 Hayden Run Rd,PUD Zoning Development Plan,R (Twp) (Buck et al properties),01/12/2012,4/23/12 (Ord. 12-21)
PZ-11-49,11-0050LC,050-002815,4001 BRITTON PW,First Industrial LP property,4300 Cemetery Rd,PUD Zoning Development Plan,M-5,04/12/2012,7/9/12 (Ord. 12-45)
PZ-11-50,11-0051LC,050-010844,6373 MEADOWS WY,Anderson Meadows,6136 Roberts Rd,Sign variance,PUD (Anderson Meadows),02/09/2012,n/a
PZ-12-1,12-0001LC,050-009693,6055 WOODSVIEW WY,Primrose School,4401 Cosgray Rd,Sign variance,PUD (Patch),02/09/2012,n/a
PZ-12-3,12-0002LC,050-001324,4570 EDGEWYN AVE,First Choice Auto Clinic,4570 Edgewyn Ave,Sign variance,M-5,04/12/2012,n/a
PZ-12-2,12-0003LC,n/a,,Hilliard City School District properties,n/a,Sign variance - temporary signs,n/a,03/08/2012,n/a
PZ-12-4,12-0004LC,050-003337,4658 - 4704 CEMETERY RD,Blockbuster Video,4672 Cemetery Rd,Sign variance - banner sign,B-2,Withdrawn,n/a
PZ-12-5,12-0005LC,050-000281,4088 MAIN ST,EB Solutions,4088 Main St,Significant architectural changes,B-6,03/08/2012,n/a
PZ-12-6,12-0006LC,050-009693,6055 WOODSVIEW WY,Primrose School,4370 Creekbend Dr,Final Development Plan modification,PUD (Patch),03/08/2012,n/a
PZ-12-7,12-0007LC,050-000100,5330 - 5334 CEMETERY RD,Leaping Learners Early Education Center,5330 Cemetery Rd,Conditional use - child care facility,B-2,03/08/2012,n/a
PZ-12-8,12-0008LC,050-009940 050-009958,4986 WILCOX RD,Hilliard Grand Apartments,,Final Plat - Wilcox Rd & Riggins Rd,PUD,03/08/2012,4/9/12 (12-R-18)
PZ-12-9,12-0009LC,050-002164,3685 MAIN ST,McDonald's,3685 Main St,Sign variance,B-2,3/8/2012 (Reconsider 4/12/12),n/a
PZ-12-10,12-0010LC,050-000249,Not Found,Richwood Banking Co. property,3986 Main St,Conditional use - mixed occupancy; Rezoning to B-6,B-3,04/12/2012,6/25/12 (Ord. 12-37)
PZ-12-11,12-0011LR,050-000143 050-000095 050-000094,MAIN ST; 4004 MAIN ST; 4002 MAIN ST,4002 Main Street LLC c/o Tom Herlihy,4002 & 4004 Main St,Significant architectural changes & sign variance,B-6,05/10/2012,n/a
PZ-12-12,12-0012LC,050-000209,5252 CENTER ST,Re Tire Meant,5252 Center St,Conditional use - automotive service; architectural changes,B-6,06/14/2012,n/a
PZ-12-13,12-0013LR,050-008083,4326 CLAYMILL CT,"Defensor Solutions, LLC",4236 Claymill Ct,Conditional use - home occupation,R-3,06/14/2012,n/a
PZ-12-14,12-0014LC,050-002969,3201 HILLIARD & ROME RD,Palm Beach Tan,3257 Hilliard Rome Rd,Sign variance - window signage,B-4,Denied 6/14/12,n/a
PZ-12-15,12-0015LC,050-009693,6055 WOODSVIEW WY,Primrose School,4370 Creekbend Dr,Sign variance - off-premises sign,PUD (Patch),06/14/2012,n/a
PZ-12-16,12-0016LC,050-000024,3900 LATTIMER ST,Sarah Ann's Learning Unlimited,3898 Lattimer St,Sign variance,B-3,06/14/2012,n/a
PZ-12-17,12-0017LC,050-000132,3996 COLUMBIA ST,ACC Party Rental,3996 Columbia St,Significant architectural changes,B-6,06/14/2012,n/a
PZ-12-18,12-0018LC,050-001920 050-004486,VETERANS MEMORAL DR; 5959 SCIOTO DARBY RD,Hilliard Municipal Park,5863 Scioto Darby Rd,Rezoning to S-1,"R-1, B-4, B-2",06/14/2012,(Ord. 12-47)
PZ-12-19,12-0019LC,050-002400 050-000221,4278 AVERY RD; 360 MAIN ST,Hilliard Church of Christ Resurrection Evangelical Lutheran Church,4300 Avery Rd 3500 Main St,Sign variance - temporary signs,R-2 B-3,06/14/2012,n/a
PZ-12-20,12-0020LC,050-000029 050-000037,5266 CENTER ST; 5260 CENTER ST,Hilliard Tire Center,5266 Center St,Sign variance; Significant architectural changes,B-6,07/12/2012,n/a
PZ-12-21,12-0021LC,053-000025 053-000024 053-000023 053-000022 053-000021 053-000020,,Heritage Preserve,"West of Alton Darby Road at Heritage Lakes Drive, north and south sides of Davis Road",Rezoning to PUD,A-1 & RR,11/08/2012,2/25/2013 (Ord. 13-01)
PZ-12-22,12-0022LR,050-010542,4150 GLYNWATER LN,Hampton Reserve,4150 Glynwater Ln,Sign variance - subdivision development sign,PUD (Oakmont Partners),08/09/2012,n/a
PZ-12-23,12-0023LC,050-010590,Not Found,Hampton Reserve Condos,4204 Streambank Dr,Sign variance - subdivision development sign,PUD (Oakmont Partners),08/09/2012,n/a
PZ-12-24,12-0024L,VOID,,VOID,VOID,VOID,VOID,VOID,VOID
PZ-12-25,12-0025LC,050-008358,Not Found,Brickstone Green condos,4248 Cosgray Rd,Sign variance - subdivision development sign,PUD (Hoffman Farms),08/09/2012,n/a
PZ-12-26,12-0026LC,050-008257,Not Found,Tremont Club,4701 Davidson Rd,Sign variance - subdivision development sign,PUD (Ansmil),Denied 8/9/12,n/a
PZ-12-27,12-0027LC,050-010638,TREMONT CLUB DR,Tremont Club,4800 Tremont Club Dr,Sign variance - subdivision development sign,PUD (Ansmil),08/09/2012,n/a
PZ-12-28,12-0028LC,VOID,,VOID,VOID,VOID,VOID,VOID,VOID
PZ-12-29,12-0029LC,050-003202,4636 - 4640 CEMETARY RD,UDF,4640 Cemetery Rd,Sign variance,B-2,08/09/2012,n/a
PZ-12-30,12-0030LC,050-003043,4530 GENEROSITY WY,Madison Tri-State Properties LLC,4525 Trueman Blvd,Sign variance - commercial real estate signs,PUD (Soma),08/09/2012,n/a
PZ-12-31,12-0031LC,050-004485,3910 LYMAN DR,Bob Evans,3910 Lyman Dr,Sign variance,M-5,Withdrawn 8/28/12,n/a
PZ-12-32,12-0032L,050-010602,5004 WILCOX RD,Ashleigh Village,4800-4917 Ashleigh Dr,Sign variance - subdivision development sign,PUD (Britton Central),09/13/2012,n/a
PZ-12-33,12-0033LC,050-002815,4001 BRITTON PW,First Industrial LP property,4300 Cemetery Rd,Lot split,PUD (First Industrial LP property),08/09/2012,n/a
PZ-12-34,12-0034LR,050-000194,4108 WAYNE ST,Buoni property,4108 Wayne St,Significant architectural changes - demolition of existing garage & construction of new garage,B-6,09/13/2012,n/a
PZ-12-35,12-0035LC,050-001326,3670 LACON RD,Eramo & Sons,3670 Lacon Dr,M-5 site plan modification & special permit for telecommunication tower,M-5,10/11/2012,n/a
PZ-12-36,12-0036LC,050-009854,NADINE PARK DR,Estates at Hoffman Farms,6070 Jeffrelyn Dr,Sign variance - subdivision development sign,PND,10/11/2012,n/a
PZ-12-37,12-0037LC,050-000005,5310 - 5316 CENTER ST,Jack's Appliance,5310-5316 Center St,Significant architectural changes,B-6,11/08/2012,n/a
PZ-12-38,12-0038LC,050-010487,4083 - 4093 TRUEMAN BL,The Loose Goose Tavern & Grill,4093 Trueman Blvd,Final development plan modification,PUD (Soma),11/08/2012,n/a
PZ-12-39,12-0039LC,050-002871,4731 - 4751 NORTHWEST PW,Guide Church Baptist,4751 & 4749 Northwest Pkwy,Conditional use - place of worship,M-5,11/08/2012,n/a
PZ-12-40,12-0040LC,050-004080,3455 MILL RUN DR,One Mill Run - Collier's International,3455 Mill Run Dr,Sign variance - banner sign,PUD (Mill Run),11/08/2012,n/a
PZ-12-41,12-0041LC,050-001320,5049 CEMETERY RD,Holowicki Enterprises,5049 Cemetery Rd,CRCOD plan & variance for setbacks & parking spaces,B-1,11/08/2012,n/a
PZ-12-42,12-0042LC,050-002815,4001 BRITTON PW,Echo Continental Hilliard LLC,4300 Cemetery Rd,PUD final development plan,PUD (First Industrial LP property),11/08/2012,n/a
PZ-12-43,12-0043LC,050-002815,4001 BRITTON PW,Villages at Britton,4300 Cemetery Rd,PUD modification & final development plan,PUD (First Industrial LP property),11/08/2012,12/10/12 (Res. 12-R-62)
,12-0044LC,VOID,,VOID,VOID,VOID,VOID,VOID,VOID
PZ-12-44,12-0045LC,050-002888,4077 S WEAVER CT,Coloramics,4077 Weaver Court South,Conditional use - ancillary retail; & sign variance,M-5,12/13/2012,n/a
PZ-12-45,12-0046LC,050-002815,4001 BRITTON PW,Giant Eagle & Get Go,4300 Cemetery Rd,PUD modification; lot split; & final development plan;,PUD (First Industrial LP property),12/13/2012,2/25/13 (Res. 13-R-13)
PZ-12-46,12-0047LC,050-002815,4001 BRITTON PW,First Industrial LP property PUD Comprehensive Signage Plan,4300 Cemetery Rd,Sign variance - Comprehensive signage plan,PUD (First Industrial LP property),02/14/2013,n/a
PZ-12-47,12-0048LC,050-002872,Not Found,Empowerfit,4627 Northwest Pkwy,Conditional use - athletic training & ancillary retail,M-5,12/13/2012,n/a
PZ-12-48,12-0049LC,050-002984,4500 SUTPHEN CT,Sutphen Towers Inc.,4500 Sutphen Ct,Lot split & M-5 plan modification,M-5,01/10/2013,n/a
PZ-12-49,12-0050LR,050-002229,5275 WILLIAMSBURG CR,Samantha Kimes Childcare Facility,5275 Williamsburg Cir,Conditional use - child care facility,R-2,02/14/2013,n/a
PZ-12-50,12-0051LC,050-001536,3790 MUNICIPAL WAY,United States Congressman Steve Stivers District Office,3790 Municipal Way,Sign variance - ground sign with no masonry base,S-1,01/10/2013,n/a
PZ-12-51,12-0052LC,050-000157 050-002094 050-000864,Not Found,Landmark Lofts - Margulies Margulies & Margulies property,5236-5240 Cemetery Rd,PUD Zoning Development Plan,M-2 & B-2,03/14/2013,6/10/13 (Ord. 13-14)
PZ-12-52,12-0053LC,050-000114,4098 MAIN ST,Bella Capelli Salon & Day Spa,4098 Main St,Sign variance - banner sign,B-6,01/10/2013,n/a
,12-0054LC,VOID,,VOID,VOID,VOID,VOID,VOID,VOID
PZ-13-1,13-0055LC,050-002826,4920 SCIOTO DARBY RD,Dal Forno Pizza,4920 Scioto Darby Rd,Sign variance - ground sign,B-4,02/14/2013,n/a
PZ-13-2,13-0056LC,VOID,,VOID,VOID,VOID,VOID,VOID,VOID
PZ-13-3,13-0057LC,050-003285 050-001871 050-002402 050-002280 050-001531 050-002341,3900 LYMAN DR,McDonald's Real Estate Co. & Swordfish City LLC,"4530, 4280 & 4266 Cemetery Rd",Preliminary plat; & PUD Zoning Development Plan,M-5,03/14/2013,5/13/2013 (Ord. 13-15)
PZ-13-4,13-0058LR,050-000084 050-000188 050-000019,4055 MAIN ST; 4051 MAIN ST,M&K Investments,4051 & 4055 Main St,Significant architectural changes - patio enclosure,B-6,04/11/2013,n/a
PZ-13-5,13-0059LR,050-008789 050-008786 050-008787,Not Found,RRIHQ LLC - Timberline,Soma Company PUD Subarea 6,Lot split; PUD modification; Final development plan; & sign variance,PUD (Soma),04/11/2013,4/22/13 (Res. 13-R-37)
PZ-13-6,13-0060LR,050-004486,5959 SCIOTO DARBY RD,Bo Jackson's Elite Sports,Hilliard Municipal Park,Conditional use - commercial recreational facilities,S-1,04/11/2013,n/a
PZ-13-7,13-0061LR,050-008935,Not Found,Village at Homestead - Dominion Homes,Northwest corner of Woodsview Way and Kathryns Way,PUD modification for exterior building materials (eliminate brick plinth),PUD (Patch),05/09/2013,6/24/13 (Res. 13-R-54)
PZ-13-8,13-0062LR,050-003008 200-000129 200-001347 050-003232 200-003449 200-003450 200-003475,Not Found,Epcon Communities,6031 & 6033 Hayden Run Rd,Informal review of a development consisting of 50 detached condominiums on 13.34 acres.,R (Twp),04/11/2013,n/a
PZ-13-9,13-0063LR,050-002094,Not Found,Landmark Lofts,5236-5240 Cemetery Rd,Sign variance - Comprehensive signage plan,PUD (Landmark Lofts),05/09/2013,n/a
PZ-13-10,13-0064LR,050-011017,ANDERSON DR,Anderson Meadows,6136 Roberts Rd,Sign variance - subdivision development sign,PUD (Anderson Meadows),06/13/2013,n/a
PZ-13-11,13-0065LC,050-003169,4475 DUBLIN RD,St. Brendans,4475 Dublin Rd,Sign variance - temporary signs,S-1,06/13/2013,n/a
PZ-13-12,13-0066LC,050-000867,3677 MAIN ST,Enterprise Rent-A-Car,3677 Main St,Conditional use - automotive sales; sign variance,B-2,06/13/2013,n/a
PZ-13-18,13-0067LC,050-000221,360 MAIN ST,Resurrection Evangelical Lutheran Church,3500 Main St,Sign variance - temporary signs,B-3,06/13/2013,n/a
PZ-13-13,13-0068LR,050-008936,Not Found,Estates at Hoffman Farms Section 4 Phase 2,4411 Cosgray Rd,Final plat,PND (Baumeister),06/13/2013,7/8/2013 (13-R-63)
PZ-13-14,13-0069LC,050-007274,3641 - 3681 FISHINGER BL,Dollar Tree,3673 Fishinger Blvd,PUD final development plan modification,PUD (Mill Run),Denied 6/13/12,n/a
PZ-13-15,13-0070LR,050-010949,Not Found,Anderson Meadows Section 2,6248 Roberts Rd,Final plat,PUD (Anderson Meadows),06/13/2013,7/8/2013 (13-R-62)
PZ-13-16,13-0071LR,050-002815,4001 BRITTON PW,Continental office building,4363 All Seasons Dr,Lot split; final development plan,PUD (First Industrial LP property),06/13/2013,n/a
PZ-13-17,13-0072LR,050-003008 200-000129 200-001347 050-003232 200-003449 200-003450 200-003475,Not Found,Epcon Communities,6031 & 6033 Hayden Run Rd,PUD Zoning Development Plan,R (Twp),06/13/2013,9/13/13 (Ord. 13-24)
PZ-13-19,13-0073LR,050-009807,Not Found,Hilliard City School District property,North of Davidson Rd between Leppert Rd and Cosgray Rd,Conditional use - commercial recreational facilities,S-1,Withdrawn,n/a
PZ-13-20,13-0074LC,050-001920,VETERANS MEMORAL DR,Hilliard Municipal Park,3800 Veterans Memorial Dr,Conditional use - commercial recreational facilities,S-1,Withdrawn,n/a
PZ-13-21,13-0075LR,050-010542,4150 GLYNWATER LN,Hampton Reserve,4150 Glynwater Ln,Sign variance - subdivision development sign,PUD (Oakmont Partners),07/11/2013,n/a
PZ-13-22,13-0076LR,050-010590,Not Found,Hampton Reserve Condos,4204 Streambank Dr,Sign variance - subdivision development sign,PUD (Oakmont Partners),07/11/2013,n/a
PZ-13-23,13-0077LR,050-008358,Not Found,Brickstone Condos,4248 Cosgray Rd,Sign variance - subdivision development sign,PUD (Hoffman Farms),07/11/2013,n/a
PZ-13-24,13-0078LC,050-007649,3575 MAIN ST,Circle K,3636 Heritage Club Dr,PUD final development plan modification,PUD (Heritage Lakes),07/11/2013,n/a
PZ-13-25,13-0079LR,050-000030,4109 MAIN ST,St. Clair residence,4109 Main St,Significant architectural changes,B-6,07/11/2013,n/a
PZ-13-26,13-0080LR,053-000022 053-000024 053-000025,,Heritage Preserve,3525 & 3687 Alton Darby Rd,Lot split/deed transfer,PUD (Heritage Preserve),07/11/2013,n/a
,13-0081LC,VOID,,VOID,VOID,VOID,VOID,VOID,VOID
PZ-13-27,13-0082LC,050-002839,3669 LEAP RD,Hilliard Church of the Nazarene,3669 Leap Rd,Conditional use - place of worship,R-2,08/08/2013,n/a
PZ-13-28,13-0083LC,050-002881,3650 PARKWAY DR,Best Corporate Real Estate,3650 Parkway Ln,Sign variance - temporary sign,M-5,09/12/2013,n/a
PZ-13-29,13-0084LC,050-000209 050-000040,5252 CENTER ST; 5256 CENTER ST,Re Tire Meant,5252 & 5256 Center Street,Conditional use; Significant architectural changes,B-6,09/12/2013,n/a
PZ-13-30,13-0085LC,050-010901,4160 TRUEMAN BL,Stone Oak,3850 Trueman Blvd,PUD modification; PUD final development plan & sign variance,PUD (Soma),09/12/2013,11/4/13 (13-R-77)
PZ-13-31,13-0086LC,050-000949 050-000952,5323 CEMETERY RD; CEMETERY RD,Hilliard City School District - Innovative Learning Center,5323 Cemetery Rd,Sign variance - masonry base,S-1,09/12/2013,n/a
PZ-13-32,13-0087LC,050-006381,3325 HILLIARD & ROME RD,DeJong Richter,3325 Hilliard Rome Rd,PUD final development plan & sign variance,PUD (Heritage Lakes),09/12/2013,n/a
PZ-13-35,13-0088LC,050-000110,3988 - 3996 MAIN ST,DiGiorgio property,3988-3966 Main St,Significant architectural changes & sign variance,B-6,10/10/2013,n/a
PZ-13-33,13-0089LC,050-003214,3799 PARKWAY LN,Regulus Properties LLC (SRS Mechanical),3737 Parkway Ln,Lot split; M-5 final development plan & sign variance,M-5,10/10/2013,n/a
PZ-13-34,13-0090LC,050-003212,4019 PARKWAY LN,Sunbelt Rentals,4019 Parkway Ln,M-5 final development plan & sign variance,M-5,10/10/2013,n/a
PZ-13-36,13-0091LR,050-007093,6214 HERITAGE POINT CT,Herbert residence,6214 Heritage Point Ct,Conditional use - home occupation,PUD (Heritage Lakes),Denied 11/14/13,n/a
PZ-13-37,13-0092LC,050-002861,3701 LACON RD,Premium Beverage Supply,3701 Lacon Rd,Sign variance,M-5,11/14/2013,n/a
PZ-13-38,13-0093LC,050-011175,3901 - 3915 BRITTON PW 1,Ohio Health Corp.,4343 All Seasons Dr,Sign variance,PUD (First Industrial LP property),11/14/2013,n/a
PZ-13-39,13-0094LC,050-001871 050-002402 050-002280 050-001531 050-002341,Not Found,Britton Lyman Redevelopment,"4530, 4280 & 4266 Cemetery Rd",Final plat,PUD,11/14/2013,1/27/14 (14-R-05)
PZ-13-40,13-0095LC,050-011121 050-011122 050-011119 050-003232 050-003008 050-011123 050-011120,Not Found,The Courtyards at Hayden Run (Epcon),6031 & 6033 Hayden Run Rd,PUD modification & PUD final development plan,PUD (Epcon),12/12/2013,1/27/14 (14-R-04)
PZ-13-41,13-0096LC,050-002083 050-000342,3555 MAIN ST; MAIN ST,Jimmy John's,3555 Main St,Conditional use & sign variance,B-2 & PUD,12/12/2013,n/a
PZ-13-42,13-0097LC,050-002881,3650 PARKWAY DR,"Beacon Sales Acquisition, Inc.",3650 Parkway Ln,M-5 site plan modification & conditional use - ancillary retail,M-5,11/14/2013,n/a
PZ-13-43,13-0098LC,050-002815 050-011171,4001 BRITTON PW; 4051 BRITTON PW,"Echo Continental Hilliard, LLC - All Seasons Drive",Southwest corner of All Seasons Dr & Britton Pkwy,Final plat,PUD (First Industrial LP property),11/14/2013,1/27/14 (14-R-05)
PZ-13-44,13-0099LR,050-008935,Not Found,Estates at Hoffman Farms Section 5,"1,400 feet west of Cosgray Rd & 300 feet north of Woodsview Way",Final plat,PUD (Patch),01/09/2014,2/10/14 (14-R-11)
PZ-13-48,13-0100LC,050-002974,4546 CEMETERY RD,Certified Oil,4546 Cemetery Rd,Sign variance,B-4,12/12/2013,n/a
PZ-13-45,13-0101LC,050-011176 050-011175,4051 BRITTON PW 2; 3901 - 3915 BRITTON PW 1,"Get Go and Echo Continental Hilliard, LLC",4055 & 4075 Britton Pkwy,Sign variance,PUD (First Industrial LP property),12/12/2013,n/a
PZ-13-46,13-0102LC,050-010214,5550 BRITTON PW,BMW Financial Services,5550 Britton Pkwy,Sign variance,PUD (Britton Central),12/12/2013,n/a
PZ-13-47,13-0103,VOID,,VOID,VOID,VOID,VOID,VOID,VOID
PZ-13-49,13-0104LC,n/a,,Capital Improvements Program (2014-2018),n/a,Capital Improvements Program (2014-2018),n/a,01/09/2014,
PZ-13-50,13-0105LC,050-003043,4530 GENEROSITY WY,Newcomer Funeral Home,"West side of Trueman Blvd approximately 2,400 feet south of Davidson Rd",Conditional use - mortuary,PUD (Soma),01/09/2014,n/a
,13-0106,VOID,,VOID,VOID,VOID,VOID,VOID,VOID
PZ-13-51,13-0107LR,050-003177,Not Found,"Glenmont, Inc. property",4579 Avery Rd,Rezoning to R-6,R-2,01/09/2014,3/24/14 (Ord. 14-03)
PZ-13-52,13-0108LR,053-000032 053-000035,,Heritage Preserve Section 1,West side of Alton Darby Rd opposite Heritage Lakes Dr,Final plat,PUD (Heritage Preserve),01/09/2014,4/14/14 (14-R-10)
PZ-13-53,13-0109LC,050-002086,Not Found,Sunbelt Rentals property,5274 Cemetery Rd,PUD Zoning Development Plan,B-2,01/09/2014,3/10/2014 (Ord. 14-04)
,14-0110LC,050-010536,5500 BRITTON PW,Credit Union of Ohio,5500 Britton Pkwy,Sign variance - ground sign,PUD (Britton Central),02/13/2014,n/a
,14-0111LC,050-004080,3455 MILL RUN DR,One Mill Run,3455 Mill Run Dr,Sign variance - banner sign,PUD (Mill Run),02/13/2014,n/a
PZ-14-1,14-0112LR,050-000094 050-000095 050-000143,4002 MAIN ST; 4004 MAIN ST; MAIN ST,4002 Main Street LLC c/o Tom Herlihy,4002 & 4004 Main St,Significant architectural changes & sign variance,B-6,02/13/2014,n/a
PZ-14-2,14-0113LC,050-011175,3901 - 3915 BRITTON PW 1,"Echo Continental Hilliard, LLC - All Seasons Drive",3901 Britton Pkwy,Final Development Plan,PUD (First Industrial LP property),02/13/2014,n/a
PZ-14-3,14-0114LC,050-010487,4083 - 4093 TRUEMAN BL,Parkside Childrens Montessori,4093 Trueman Blvd,Conditional use & final development plan modification,PUD (Soma),02/13/2014,n/a
PZ-14-4,14-0115LC,050-005768,Not Found,Hilliard's Station Park,4021 Main St,Conditional use - public use & significant architectural changes,B-6,03/13/2014,n/a
PZ-14-5,14-0116LC,050-000272 050-000276 050-000277 050-000278 050-000279,5093 CEMETERY RD,Hilliard Civic and Cultural Arts Center,5425-5433 Center St,Conditional use - public use & significant architectural changes,B-6,03/13/2014,n/a
PZ-14-6,14-0117LC,050-003043,4530 GENEROSITY WY,Spectrum Retirement Communities,4303 Trueman Blvd (parent parcel was 4525 Trueman Blvd),PUD Final Development Plan & PUD modification,PUD (Soma Company),03/13/2014,4/28/14 (14-R-45)
PZ-14-7,14-0118LC,050-006545,4949 EDWARDS FARMS RD,"Vision Development, Inc.",4178 Davidson Rd,PUD Zoning Development Plan,B-3,Withdrawn 8/7/14,n/a
PZ-14-8,14-0119LC,050-002872,Not Found,Crossfit Hilliard,4655-4665 Northwest Pkwy,Conditional use - athletic training & ancillary retail,M-5,04/10/2014,n/a
PZ-14-9,14-0120LC,050-009854,NADINE PARK DR,Estates at Hoffman Farms,6070 Jeffrelyn Dr,Sign variance - subdivision development sign,PND (Estates at Hoffman Farms),04/10/2014,n/a
PZ-14-10,14-0121LC,050-005613,5600 - 5900 SCIOTO DARBY RD,Heritage Middle School communications tower,5670 Scioto Darby Rd,Special permit - communications tower,S-1,04/10/2014,n/a
PZ-14-11,14-0122LR,050-011079,Not Found,Villages at Britton,Northwest corner of All Seasons Dr & Britton Pkwy,Final plat - Villages at Britton Parkway easement dedication,PUD (First Industrial LP property),04/10/2014,4/28/14 (14-R-47)
PZ-14-12,14-0123LC,050-003043,4530 GENEROSITY WY,Newcomer Funeral Home,"West side of Trueman Blvd approximately 2,400 feet south of Davidson Rd",Final Development Plan,PUD (Soma),04/10/2014,n/a
PZ-14-13,14-0124LC,050-000157 050-000864 050-002086 050-002094,Not Found,Landmark Lofts,"5236, 5240 & 5274 Cemetery Rd & 5250 Franklin St",PUD modification,PUD (Landmark Lofts & Sunbelt Rentals),04/10/2014,6/9/14 (14-R-48)
PZ-14-14,14-0125LC,050-010536,5500 BRITTON PW,Credit Union of Ohio,5500 Britton Pkwy,Sign variance - internal illumination for ATM sign,PUD (Britton Central),05/08/2014,n/a
,14-0126,VOID,,VOID,VOID,VOID,VOID,VOID,VOID
PZ-14-15,14-0127LC,050-002833,4245 CEMETERY RD,Wendy's,4245 Cemetery Rd,"Conditional use, M-5 Plan, CRCOD Plan & Sign variance",M-5,05/08/2014,n/a
PZ-14-16,14-0128LR,050-003194 050-001921 050-003177,4599 AVERY RD,"Glenmont, Inc. property",4599 Avery Rd,Lot split/deed transfer,R-6,06/12/2014,n/a
PZ-14-17,14-0129LR,050-008935,Not Found,Estates at Hoffman Farms 6,4359 Cosgray Rd,Final Plat,PUD (Patch),06/12/2014,6/23/14 (14-R-58)
PZ-14-18,14-0130LR,053-000032 053-000035,,Heritage Preserve Section 1 Phase 2,6957 Davis Rd,Final Plat,PUD (Heritage Preserve),06/12/2014,6/23/14 (14-R-59)
PZ-14-19,14-0131LC,050-002980,3540 PARKWAY LN,Gentry Fire Protection,3540 Parkway Ln,Special permit - communication tower,M-5,06/12/2014,n/a
PZ-14-20,14-0132LC,050-002815,4001 BRITTON PW,Giant Eagle,4023 Britton Pkwy,Sign variance - directional signs,PUD (First Industrial LP property),06/12/2014,n/a
PZ-14-22,14-0133LC,050-002860,3535 PARKWAY LN,W.W. Williams Co.,3535 Parkway Ln,M-5 site plan & sign variance,M-5,06/12/2014,n/a
PZ-14-21,14-0134LC,,,Revised Zoning Code,,Code revision,,07/10/2014,10/27/14 (Ord. 14-29)
PZ-14-23,14-0135LC,050-003237,3979 - 3981 PARKWAY AVE,JD Equipment,3979 Parkway Ln,Sign variance - colors,M-5,07/10/2014,n/a
PZ-14-24,14-0136LR,050-010949,Not Found,Anderson Meadows Section 3,6248 Roberts Rd,Final Plat,PUD (Anderson Meadows),07/10/2014,8/25/14 (14-R-63)
PZ-14-25,14-0137LC,050-000260,5123 NORWICH ST,Painter & Westfall Law,5123 Norwich St,Significant architectural changes,B-6,07/10/2014,n/a
PZ-14-26,14-0138LC,050-011171,4051 BRITTON PW,Rusty Bucket,3901 Britton Pkwy,Sign variance - mounted signs,PUD (First Industrial LP property),07/10/2014,n/a
PZ-14-27,14-0139LC,050-007509,Not Found,JD Equipment,3727 Park Mill Run Dr,PUD modification & sign variance,PUD (Mill Run),08/14/2014,9/8/14 (14-R-65)
PZ-14-28,14-0140LC,050-009101 050-000003 050-010627 050-008207 050-005625,6594 SCIOTO DARBY RD; 4036 COLUMBIA ST; 6500 SCIOTO DARBY RD,The Square at Latham Park (Formerly The Campus at Alton Darby),"6500, 6584 & 6594 Scioto Darby Rd",PUD modification,PUD (The Square at Latham Park) Formerly The Campus at Alton Darby,08/14/2014,9/8/14 (14-R-64)
PZ-14-29,14-0141LC,053-000024 053-000035,,Heritage Preserve Subarea B,West of Alton Darby Rd & North of Muir Pkwy,Lot split,PUD (Heritage Preserve),08/14/2014,n/a
PZ-14-30,14-0142LR,053-000024,,Heritage Preserve Subarea B,West of Alton Darby Rd & North of Muir Pkwy,"PUD Modification - building height, parking & setbacks",PUD (Heritage Preserve),08/14/2014,9/8/2014 (14-R-66)
PZ-14-31,14-0143LR,053-000024,,Heritage Preserve,Heritage Preserve Subarea A-3,Lot split,PUD (Heritage Preserve),09/11/2014,n/a
PZ-14-32,14-0144LR,053-000024,,A.R. Building Co.,Heritage Preserve Subarea B,PUD Final Development Plan,PUD (Heritage Preserve),09/11/2014,n/a
PZ-14-33,14-0145LC,050-000868,4162 COLUMBIA ST,Northwest Franklin County Historical Society,4162 Columbia St,Significant architectural changes - announcement sign,B-6,Denied 9/11/14,n/a
PZ-14-34,14-0146LR,050-010605,4761 RIGGINS RD,Virginia Homes (The Wendell),Britton Central PUD Subarea A3,"PUD Modification - uses, building height, parking, sidewalk, & mailboxes",PUD (Britton Central),09/11/2014,9/22/2014 (14-R-72)
PZ-14-35,14-0147LR,050-009101 053-000003 050-010627 050-008207 050-005625,6594 SCIOTO DARBY RD; 6500 SCIOTO DARBY RD,The Square at Latham Park Subarea 5,"6500, 6584 & 6594 Scioto Darby Rd",PUD Final Development Plan,PUD (The Square at Latham Park),09/11/2014,n/a
PZ-14-36,14-0148LC,050-003218,3950 PARKWAY LN,Knights Inn,3950 Parkway Ln,Sign variance - internal illumination for electronic changeable copy,M-5,10/09/2014,n/a
PZ-14-37,14-0149LC,050-003869,Not Found,Britton Central PUD,"Britton Central PUD Subareas D1, E1 & E2","PUD modification - Hayden Run Rd alignment, permitted uses, tree replacement, fencing",PUD (Britton Central),09/11/2014,9/22/2014 (14-R-73)
PZ-14-38,14-0150LC,050-003178,3959 - 3959 PARKWAY LN,Buckeye Nissan,3959 Parkway Ln,M-5 Plan modification - parking lot expansion,M-5,10/09/2014,n/a
PZ-14-39,14-0151LC,050-003035,5100 DAVIDSON RD,Hilliard Davidson High School,5100 Davidson Rd,Special permit - communication tower,S-1,10/09/2014,n/a
PZ-14-40,14-0152LC,050-003039,4653 TRUEMAN BL,Timberline,4653 Trueman Blvd,Sign variance - height & area,B-3,10/09/2014,n/a
PZ-14-41,14-0153LC,050-003009,3932 BROWN PARK DR,Life Community Church,4400 Cemetery Rd,Sign variance - ground sign,B-3,11/13/2014,n/a
PZ-14-42,14-0154LC,050-011175,3901 - 3915 BRITTON PW 1,Giant Eagle & Get Go,4001 & 4051 Britton Pkwy,PUD final development plan modification - outdoor display,PUD (First Industrial LP property),Withdrawn 11/13/14,n/a
PZ-14-43,14-0155LC,050-010749 050-010752,Not Found,Ansmil PUD Subarea E1,Ansmil PUD Subarea E1 (Hickory Chase),"PUD modification - subarea boundaries, uses, development standards",PUD (Ansmil),11/13/2014,2/9/15 (14-R-86)
PZ-14-44,14-0156LC,050-011171,4051 BRITTON PW,First Industrial LP Property PUD Comprehensive Signage Plan,First Industrial LP Property PUD,Sign variance - mounted signs,PUD (First Industrial LP property),09/11/2014,n/a
PZ-14-45,14-0157LC,050-003202,4636 - 4640 CEMETARY RD,United Dairy Farmers (UDF),4640 Cemetery Rd,Sign variance - internal illumination for gas prices,B-2,11/13/2014,n/a
PZ-14-46,14-0158LR,053-000036,,Heritage Preserve Section 2 Phase 1,Subarea A-3,Final Plat,PUD (Heritage Preserve),11/13/2014,12/15/14 (14-R-87)
PZ-14-47,14-0159LR,050-010605,4761 RIGGINS RD,Virginia Homes apartments (The Wendell),Britton Central PUD Subarea A3,Final development plan,PUD (Britton Central),11/13/2014,n/a
PZ-14-48,14-0160LR,050-006545,4949 EDWARDS FARMS RD,"Vision Development, Inc.",4178 Davidson Rd,PUD Zoning Development Plan,B-3,Denied 11/13/2014 Reconsidered and Approved 6/11/15,8/24/15 (Ord. 15-31 Amended)
PZ-14-49,14-0161LR,050-000246,5160 NORWICH ST,Lutz residence,5160 Norwich St,Significant architectural changes,B-6,11/13/2014,n/a
PZ-14-50,14-0162LC,050-007806 050-007004,MILL RUN DR; 3785 PARK MILL RUN DR,Arhaus Furniture,3785 Park Mill Run Dr,PUD final development plan - outdoor display,PUD (Mill Run),12/11/2014,n/a
PZ-14-51,14-0163LC,050-011217,4303 TRUEMAN BL,Spectrum Retirement Communities,4303 Trueman Blvd,Sign variance - temporary signs & banner,PUD (Soma),12/11/2014,n/a
PZ-14-52,14-0164LR,050-011224 050-011225,4470 DUBLIN RD,Brenden's Estates,4470 Dublin Rd,PUD Zoning Development Plan,R-R,Withdrawn 5/8/15,n/a
PZ-14-54,14-0165LC,050-006467,3401 MILL RUN DR,Ohio State Medical Assocation property (Entrotech),3401 Mill Run Dr,PUD modification,PUD (Mill Run),12/11/2014,1/26/15 (15-R-01)
PZ-14-53,14-0166LC,n/a,,Capital Improvements Program (2015-2019),n/a,Capital Improvements Program (2015-2019),n/a,12/11/2014,1/12/15 (Ord. 14-46)
PZ-14-55,14-0167LC,050-000251 050-000267 050-000198,5092 CEMETERY RD,St. Mary Auto Sales,5092 Cemetery Rd,Sign variance - 3 wall signs,B-3,02/12/2015,n/a
PZ-14-56,14-0168LC,050-010487-80 050-010487-90,4083 - 4093 TRUEMAN BL,Hilliard Montessori,4091 Trueman Blvd,Sign variance - wall sign & ground sign with more than 4 colors & temporary banner sign,PUD (Soma),01/08/2015,n/a
PZ-14-57,14-0169LC,050-002880,3649 PARKWAY LN,Laserflex,3649 Parkway Ln,"Level ""A"" site plan",M-1,12/11/2014 (Admin),n/a
PZ-14-58,14-0170LC,050-007509,Not Found,JD Equipment,3727 Park Mill Run Dr,Sign variance - banner sign,PUD (Mill Run),01/08/2015,n/a
PZ-15-1,15-0171LC,050-000362 050-000363,3975 - 3975 MAIN ST,Cercone property,3975 Main St,"Old Hilliard District Plan, Level ""B"" site plan, conditional use (bank drive through) & sign variance",OH-MD,02/12/2015,n/a
PZ-15-2,15-0172LC,050-007238,3799 PARK MILL RUN DR,PNC Bank Trustee (former Damon's site),3799 Park Mill Run Dr,PUD Modification,PUD (Mill Run),02/12/2015,2/23/15 (15-R-14)
PZ-15-3,15-0173LC,050-002292,4421 CEMETERY RD,Patton property (Agean),4421 Cemetery Rd,Conditional use - wholesale business,M-1,02/12/2015,n/a
PZ-15-4,15-0174LR,050-000022 050-000037,5346 NORWICH ST; 5260 CENTER ST,Heritage Preserve,Heritage Preserve PUD subareas A-1 and A-2,Lot split,PUD (Heritage Preserve),02/12/2015,n/a
PZ-15-5,15-0175LC,050-003869,Not Found,Project Marble (Amazon Data Center),Britton Central Subareas E1 & E2,PUD modification,PUD (Britton Central),03/12/2015,4/27/15 (15-R-26)
PZ-15-6,15-0176LC,050-004080,3455 MILL RUN DR,One Mill Run,3455 Mill Run Dr,Sign variance,PUD (Mill Run),03/12/2015,n/a
PZ-15-7,15-0177LC,050-000210,Not Found,Landmark Lofts - Molly Davis property,5289 Franklin St,PUD Zoning Development Plan,OH-RD,03/12/2015,6/8/15 (15-R-42)
PZ-15-8,15-0178LR,050-010603,5408 EAST VUE DR,Hilliard 30,Britton Central PUD Subarea A2,PUD modification & PUD Final Development Plan,PUD (Britton Central),03/12/2015,4/27/2015 (15-R-27)
PZ-15-9,15-0179LR,,,Hilliard City School District,Various properties within Hilliard,Sign variance - temporary signs,,03/12/2015,n/a
PZ-15-10,15-0180LR,050-001921 050-003177,Not Found,Avery Pointe,4579 Avery Rd,Final Plat,R-6,04/09/2015,6/8/15 (15-R-48)
PZ-15-11,15-0181LC,050-002799,4580 CEMETERY RD,Neptune Society,4558 Cemetery Rd,Conditional use - funeral home,B-2,04/09/2015,n/a
PZ-15-12,15-0182LR,050-000010 050-000062,4125 - 4125 MAIN ST,Dance Connection,4121 Main St & 4160 Wayne St,"Conditional use - indoor commercial recreation, place of worship, brew pub",OH-MD,04/09/2015,n/a
PZ-15-13,15-0183LR,053-000022,,Heritage Preserve Subarea A-3,Heritage Preserve PUD subareas A-1 and A-2,Lot split,PUD (Heritage Preserve),04/09/2015,n/a
PZ-15-14,15-0184LR,053-000022 053-000037,,Heritage Preserve Section 3 Phase 1,Heritage Preserve PUD subareas A-1 and A-2,Final Plat,PUD (Heritage Preserve),04/09/2015,6/8/15 (15-R-40)
PZ-15-15,15-0185LC,050-000140,5310 CENTER ST,Jack's Appliance,5310 Center St,Old Hilliard District Plan,OH-MD,04/09/2015,n/a
PZ-15-16,15-0186LC,050-007016,3781 PARK MILL RUN DR,CRI Mill Run Limited property,3781 Park Mill Run Dr,PUD modification & sign variance,PUD (Mill Run),07/09/2015,9/14/15 (15-R-62)
PZ-15-17,15-0187LC,050-006467,3401 MILL RUN DR,Entrotech,3401 Mill Run Dr,PUD Final Development Plan,PUD (Mill Run),04/09/2015,n/a
PZ-15-18,15-0188LC,050-010901,4160 TRUEMAN BL,Stone Oak,4160 Trueman Blvd,Sign variance - temporary signs,PUD (Soma),04/09/2015,n/a
PZ-15-19,15-0189LR,053-000020,,Heritage Preserve,"Heritage Preserve PUD subareas A-2, A-3, A-4 and A-6",Lot split,PUD (Heritage Preserve),05/14/2015,n/a
PZ-15-20,15-0190LR,050-000210 050-000157 050-002086 050-000864 050-002094,Not Found,Landmark Lofts,North side of Cemetery Rd opposite Luxair Dr,PUD Final Development Plan,PUD (Landmark Lofts),05/14/2015,n/a
PZ-15-21,15-0191LR,050-008664 050-009195 120-000184 120-000185 120-000173,Not Found,Tarlton Meadows,4608 and 4683 Elliott Rd,PUD Zoning Development Plan,PUD (Estates at Hoffman Farms) and Rural (Twp),04/14/2016,10/24/16 (Ord. 16-33)
PZ-15-22,15-0192LC,050-003869,Not Found,"Vadata, Inc. (Project Marble) (Amazon Data Center)",Britton Central PUD subareas E1 and E2,Final plat,PUD (Britton Central),05/14/2015,
PZ-15-23,15-0193LR,050-010826,4698 JEANNETTE RD,Sanderson property,4698 Jeannette Rd,Conditional use - two-family dwelling,R-3,06/11/2015,n/a
PZ-15-24,15-0194LC,050-010512 050-010761 050-010762 050-010763 050-010764,3993 COSGRAY RD; 3680 COSGRAY RD,Alton Commons,South side of Scioto Darby Rd at the southern terminus of Cosgray Rd,6-month extension of PUD,PUD (Alton Commons),05/14/2015,n/a
PZ-15-25,15-0195LC,050-002403,4537 CEMETERY RD,Pickups Plus Cars,4537 Cemetery Rd,"Level ""A"" site plan",B-4,05/21/2015,n/a
PZ-15-26,15-0196LC,050-007017,3747 PARK MILL RUN DR,Ride 1 Powersports,3747 Park Mill Run Dr,Sign variance - wall signs,PUD (Mill Run),06/11/2015,n/a
PZ-15-27,15-0197LR,050-006660,4200 DUBLIN RD,Calhoon property,"4200 Dublin Rd, Lot 14",Lot split,R-1,06/11/2015,n/a
PZ-15-28,15-0198LC,050-000110,3988 - 3996 MAIN ST,Cyclical Nature Bicycles,3988 Main St,Old Hilliard District Plan,OH-MD,06/11/2015,n/a
PZ-15-29,15-0199LR,050-008252,Not Found,Carr Farms,East side of Leppert Rd approximately 200 feet north of Davidson Rd,Concept Plan and PUD Zoning,R-R,11/12/2015,7/11/2016 (Ord. 16-01)
PZ-15-30,15-0200LR,050-002400 050-002847 050-000221,4278 AVERY RD; 4790 CEMETERY RD; 360 MAIN ST,Son Ministries,"4278 Avery Rd, 3500 Main St, and 4790 Cemetery Rd",Sign variance - temporary signs,"R-2, B-3, and S-1",06/11/2015,n/a
PZ-15-31,15-0201LC,050-009390,4691 - 4701 NORTHWEST PW,Eco Plumbers,4691 Northwest Pkwy,"Level ""A"" site plan",M-1,05/15/2015,n/a
PZ-15-32,15-0202LC,050-001488,4200 LYMAN CT,National Sign,4200 Lyman Dr,"Level ""A"" site plan",M-1,06/05/2015,n/a
PZ-15-33,15-0203LR,050-009854,NADINE PARK DR,Estates at Hoffman Farms,6070 Jeffrelyn Dr,Sign variance - subdivision development sign,PUD (Estates at Hoffman Farms),07/09/2015,n/a
PZ-15-34,15-0204LR,050-010605,4761 RIGGINS RD,Virginia Homes apartments (The Wendell),Britton Central PUD Subarea A3,Final Plat,PUD (Britton Central),07/09/2015,15-R-61
PZ-15-35,15-0205LC,050-000010,4125 - 4125 MAIN ST,Dance Connection,4160 Wayne St,Sign variance - temporary banner sign,OH-MD,07/09/2015,n/a
PZ-15-36,15-0206LC,050-010984,Not Found,Ohio Business College,4525 Trueman Blvd,Sign variance - temporary sign,PUD (Soma),08/13/2015,n/a
PZ-15-37,15-0207LR,053-000020,,Heritage Preserve Section 2 Phase 2,Heritage Preserve PUD Subarea A-3,Final Plat,PUD (Heritage Preserve),08/13/2015,9/14/15 (15-R-60)
PZ-15-38,15-0208LC,050-000062,Not Found,Berlin Development property,4121 Main St & 4125 Main St (formerly 4160 Wayne St),Sign variance - ground signs,OH-MD,08/13/2015,n/a
PZ-15-39,15-0209LC,050-003295,4340 - 4344 LYMAN DR,Karaoke Warehouse,4342 Lyman Dr,Conditional use - place of worship,B-4,08/13/2015,n/a
PZ-15-40,15-0210LC,050-000465,5398 SCIOTO DARBY RD,Dee Miller State Farm Insurance,5398 Scioto Darby Rd,Sign variance - ground sign,B-1,08/13/2015,n/a
PZ-15-41,15-0211LC,050-002984,4500 SUTPHEN CT,Sutphen Towers Inc.,4500 Sutphen Ct,Sign variance - internal illumination,M-1,09/10/2015,n/a
PZ-15-42,15-0212LR,053-000024,,A.R. Building Co.,Heritage Preserve Subarea B,PUD final development plan modification - building elevations,PUD (Heritage Preserve),09/10/2015,n/a
PZ-15-43,15-0213LC,050-010487,4083 - 4093 TRUEMAN BL,Grandad's Pizza and Pub,4093 Trueman Blvd,Sign variance - wall signs & ground sign,PUD (Soma),09/10/2015,n/a
PZ-15-44,15-0214LC,050-001328,5001 CEMETERY RD,Movement Church,5001 Cemetery Rd,Sign variance - setback & masonry base,B-3,10/08/2015,n/a
PZ-15-45,15-0215LR,050-006545,4949 EDWARDS FARMS RD,"Vision Development, Inc. (The Pointe)",4178 Davidson Rd,PUD Final Development Plan,PUD (Vision Development),09/10/2015,n/a
PZ-15-46,15-0216LC,050-007273,3831 PARK MILL RUN DR,Hilliard Suites,3831 Park Mill Run Dr,Sign variance - temporary signs,PUD (Mill Run),10/08/2015,n/a
PZ-15-47,15-0217LC,,,Orange Theory Fitness,3959 Britton Pkwy,Sign variance - window signage,PUD (First Industrial LP property),Denied 11/12/15,n/a
PZ-15-48,15-0218LR,050-009101 053-000003 050-010627 050-008207 050-005625,6594 SCIOTO DARBY RD; 6500 SCIOTO DARBY RD,The Square at Latham Park,"6500, 6584 & 6594 Scioto Darby Rd",12-month extension of Final Development Plan,PUD (The Square at Latham Park),10/08/2015,n/a
PZ-15-49,15-0219LC,VOID,,VOID,VOID,VOID,VOID,VOID,VOID
PZ-15-50,15-0220LC,050-003335,4770 NORTHWEST PW,Hamilton Safe Products Company,4770 Northwest Pkwy,"Level ""A"" site plan",M-1,9/14/15 by staff,n/a
PZ-15-52,15-0221LC,050-002992,4389 - 4445 N WEAVER CT,"AHW, LLC property (former FedEx site)",4445 Weaver Court North,Conditional use - health and fitness facility & Level B site plan minor changes,M-1,10/08/2015,n/a
PZ-15-51,15-0222LC,050-010749,Not Found,Hickory Chase (Erickson),4510 Hickory Chase Way,Final Plat,PUD (Ansmil),11/12/2015,1/25/16 (16-R-08)
PZ-15-53,15-0223LC,050-004080,3455 MILL RUN DR,Care Source (One Mill Run),3455 Mill Run Dr,Sign variance - wall sign,PUD (Mill Run),11/12/2015,n/a
PZ-15-54,15-0224LC,050-002927 050-002928,2893 HILLIARD & ROME RD; HILLIARD & ROME RD,Stout property,2893 Hilliard Rome Rd,Rezoning to B-3 with Limited Overlay to permit office only,R-3,11/12/2015,1/25/16 (Ord. 15-58)
PZ-15-55,15-0225LC,050-011226,3737 PARKWAY LN,SRS Mechanical,3737 Parkway Ln,"Level ""B"" site plan minor changes",M-1,11/12/2015,n/a
PZ-15-56,15-0226LC,050-002425,4567 CEMETERY RD,No. 1 Gyro Shoppe,4567 Cemetery Rd,"Amended PUD Concept Plan and Level ""B"" site plan",PUD (Cemetery Road Properties Between Leap & Lacon Roads),11/12/2015,1/11/16 (15-R-85)
PZ-15-57,15-0227LC,050-000945 050-000225,3750 MAIN ST; 3760 MAIN ST,Speedway,3760 Main St,Sign variance - internal illumination for gas prices,B-2,11/12/2015,n/a
PZ-15-58,15-0228LC,050-000183,5344 CENTER RD,Otie's Tavern & Grill,5344 Center St,Old Hilliard District Plan,OH-MD,01/14/2016,n/a
PZ-15-59,15-0229LC,n/a,,Capital Improvements Program (2016-2020),n/a,Capital Improvements Program (2016-2020),n/a,11/12/2015,n/a
PZ-15-60,15-0230LC,050-000247,CEMETERY RD,Hilliard Veterinary Hospital,5125 Cemetery Rd,"Level ""B"" site plan",B-1,12/10/2015,n/a
PZ-15-61,15-0231LC,050-008255,ANSON DR,Rock City Church,4202 Anson Dr (Ansmil PUD Subarea C7),Conditional use & PUD Final Development Plan,PUD (Ansmil),12/10/2015,n/a
PZ-15-62,15-0232LC,050-010749,Not Found,Greyson at Hickory Chase apartments,4510 Hickory Chase Way (Ansmil PUD Subarea E1),PUD Final Development Plan (492 apartments on 23.6 acres),PUD (Ansmil),01/14/2016,n/a
PZ-15-63,15-0233LR,050-008358,Not Found,Brickstone Green condos,4248 Cosgray Rd,Sign variance - subdivision development sign,PUD (Hoffman Farms),12/10/2015,n/a
PZ-15-64,15-0234LR,053-000022,,"Heritage Preserve Subarea A-2, A-3, A-4, & A-6","Subarea A-2, A-3, A-4, & A-6",Lot split,PUD (Heritage Preserve),12/10/2015,n/a
PZ-15-65,15-0235LR,053-000022,,Heritage Preserve Section 3 Phase 2,"Subarea A-2, A-3, A-4, & A-6",Final Plat,PUD (Heritage Preserve),12/10/2015,1/11/16 (16-R-06)
PZ-16-1,16-0236LC,050-005623,6304 - 6356 SCIOTO DARBY RD,New Grounds Coffee House,6318 Scioto Darby Rd,Sign variance - internal illumination menu sign,PUD (Darby Town Center),02/11/2016,n/a
PZ-16-2,16-0237LC,050-008254,4501 DAVIDSON RD,Wolpert Enterprises Ltd. Property,4549 Davidson Rd,Lot split,PUD (Ansmil),01/14/2016,n/a
PZ-16-3,16-0238LC,050-002871,4731 - 4751 NORTHWEST PW,Guide Church Baptist,4190 Weaver Ct South,Conditional use - place of worship,M-1,03/10/2016,n/a
PZ-16-4,16-0239LR,050-000252 050-000268 050-000364,Not Found,Rosnagle property (Norwich Cottages),5154 Norwich St,Concept Plan and PUD Zoning,OH-RD,Denied 4/14/16,Withdrawn 6/3/16
PZ-16-5,16-0240LC,050-002992,4389 - 4445 N WEAVER CT,Omniscapes,4445 Weaver Court North,"Level ""A"" site plan",M-1,3/2/16 by staff,n/a
PZ-16-6,16-0241LC,050-007238,3799 PARK MILL RUN DR,Point Blank,3799 Park Mill Run Dr,PUD modification & final development plan modification,PUD (Mill Run),Denied 4/14/16,Denied 5/23/16 (16-R-41)
PZ-16-7,16-0242LC,050-006632,4348 REYNOLDS DR,Ferguson Construction,4348 Reynolds Dr,"Level ""B"" site plan minor changes",M-1,04/14/2016,n/a
PZ-16-8,16-0243LC,050-002579,4896 SCIOTO DARBY RD,Kimes Automotive,4896 Scioto Darby Rd,Sign variance - wall signs,B-2,04/14/2016,n/a
PZ-16-11,16-0244LC,050-000868,4162 COLUMBIA ST,Hilliard Ohio Historical Society,4162 Columbia St,Sign variance - banner sign,S-1,04/14/2016,n/a
PZ-16-9,16-0245LC,050-000051,4138 MAIN ST,Whit's Frozen Custard,4138 Main St,Old Hilliard District Plan,OH-MD,04/14/2016,n/a
PZ-16-10,16-0246LC,050-011217,4303 TRUEMAN BL,Hilliard Assisted Living,4303 Trueman Blvd,Sign variance - temporary sign,PUD (Soma),04/14/2016,n/a
PZ-16-12,16-0247LC,050-008256,4674 BRITTON PW,Hospital & Medical Office Building - Ansmil Subarea C1a & C2 (Mt. Carmel),Subarea C1a & C2,"Lot split, PUD modification, conditional use, and Final Development Plan",PUD (Ansmil),04/14/2016,7/11/16 (16-R-61)
PZ-16-13,16-0248LC,050-000084 050-000188,4055 MAIN ST,M&K Investments,4055 Main St,Old Hilliard District Plan,OH-MD,5/12/16 (Doors and windows only),n/a
PZ-16-16,16-0249LC,050-003005,5657 SCIOTO DARBY RD,Sunrise Academy,5657 Scioto Darby Rd,"Level ""A"" site plan",B-3,Denied 7/14/16,n/a
PZ-16-17,16-0250LC,050-003005,5657 SCIOTO DARBY RD,Sunrise Academy,5657 Scioto Darby Rd,Conditional use - elementary school,B-3,Denied 7/14/16 Reconsider 8/9/16 Denied 6/8/17,n/a
PZ-16-14,16-0251LC,050-000039 050-000227,3981 MAIN ST; 3981 - 3983 MAIN ST,Twins Café & Hookah Lounge,3981 & 3983 Main St,Old Hilliard District Plan,OH-MD,05/12/2016,n/a
PZ-16-15,16-0252LC,050-009807,Not Found,Bo Jackson's Elite Sports,4617 Cosgray Rd,Lot split,S-1,05/12/2016,n/a
PZ-16-18,16-0253LC,050-003297,4401 LYMAN DR,Bestway Cabinets,"4401 Lyman Dr, Suite B",Sign variance - colors,B-4,Denied 6/9/16,n/a
PZ-16-19,16-0254LC,050-002992,4389 - 4445 N WEAVER CT,Omniscapes,4387 Weaver Court North,"Level ""A"" site plan",M-1,05/09/2016,n/a
PZ-16-20,16-0255LC,050-002992,4389 - 4445 N WEAVER CT,Santos TVSA,4395 Weaver Court North,"Level ""A"" site plan",M-1,05/09/2016,n/a
PZ-16-21,16-0256LC,050-000362,3975 - 3975 MAIN ST,Heartland Bank,3971 Main St,Sign variance,OH-MD,Denied 6/9/16,n/a
PZ-16-24,16-0257LR,053-000020 053-000022,,Heritage Preserve,"Davis Rd & Audobon Dr - Subareas A2, A4 & A6_",Lot split,PUD (Heritage Preserve),VOID,n/a
PZ-16-22,16-0258LR,053-000020 053-000022,,Heritage Preserve - Davis Road & Audobon Ave right-of-way,Davis Rd & Audobon Dr,Lot split & Final Plat,PUD (Heritage Preserve),06/09/2016,6/27/16 (16-R-56)
PZ-16-25,16-0259LR,053-000022,,Heritage Preserve Section 3 Phase 3,"Subarea A-2, A-3, A-4, & A-6",Final Plat,PUD (Heritage Preserve),06/09/2016,6/27/16 (16-R-55 (Amd))
PZ-16-26,16-0260LR,053-000020,,Heritage Preserve Section 2 Phase 3,Subarea A-3 & A-4,Final Plat,PUD (Heritage Preserve),06/09/2016,6/27/16 (16-R-55 (Amd))
PZ-16-27,16-0261LC,050-001924 050-000108 050-000860,5227 DEXTER AVE; 5215 DEXTER AVE,One Call Lawn Care,5227 Dexter Ave,"Level ""A"" site plan",B-1,7/22/2016 9/19/2016 (Revised plan) by staff,n/a
PZ-16-29,16-0262LC,050-001322,5038 CEMETERY RD,David Stanley - Nationwide Insurance,5038 Cemetery Rd,Sign variance - setback,B-1,06/09/2016,n/a
PZ-16-23,16-0263LC,050-010842 050-010843,5000 BRITTON PW; BRITTON PW,Verizon,5000 Britton Pkwy,Final Plat,B-3,06/09/2016,6/27/2016 (16-R-54)
PZ-16-28,16-0264LR,050-006545,4949 EDWARDS FARMS RD,All About Kids Daycare,4850 Edwards Farm Rd -,Final Development Plan,PUD (Vision Development),07/14/2016,n/a
PZ-16-30,16-0265LC,050-007272,3841 PARK MILL RUN DR,Homewood Suites,3841 Park Mill Run Dr,PUD modification,PUD (Mill Run),07/14/2016,
PZ-16-31,16-0266LR,050-000270,5180 NORWICH ST,Knell residence,5180 Norwich St,Old Hilliard District Plan,OH-RD,07/14/2016,n/a
PZ-16-32,16-0267LC,050-003176 050-003233,4050 BRITTON PW,JD Power Systems,4079 Lyman Dr,Sign variance - ground signs,B-4,07/14/2016,n/a
PZ-16-37,16-0268LR,050-000252 050-000268 050-000364,Not Found,Rosnagle property (Norwich Street single family),5154 Norwich St,Old Hilliard District Plan,OH-RD,Withdrawn 8/26/16,n/a
PZ-16-33,16-0269LC,050-002080,3750 STURBRIDGE CT,The Ashford at Sturbridge,3750 Sturbridge Ct,"Lot split, PUD modification & PUD Final Development Plan",PUD (Sturbridge Court),09/08/2016,11/28/2016 (16-R-91)
PZ-16-34,16-0270LC,050-000148,3986 MAIN ST,"Dennis P. Williamson, CPA",3986 Main St,Old Hilliard District Plan,OH-MD,08/11/2016,n/a
PZ-16-35,16-0271LC,050-001488,4200 LYMAN CT,National Sign Systems,4200 Lyman Dr,Sign variance - wall signs,B-4,08/11/2016,n/a
PZ-16-36,16-0272LC,053-000020,,A.R. Building Co.,3463 Alton Darby Rd,Sign variance - ground sign,PUD (Heritage Preserve),08/11/2016,n/a
PZ-16-38,16-0273LC,050-002992,4389 - 4445 N WEAVER CT,Arctic Express,4445 Weaver Court North,Conditional use - truck sales,M-1,Denied 9/8/16,n/a
PZ-16-39,16-0274LC,050-004001,3906 - 3914 BROWN PARK RD,Hygrowponics,3914 Brown Park Dr,Sign variance - colors,B-2,08/11/2016,n/a
PZ-16-40,16-0275LR,050-002927 050-002928,2893 HILLIARD & ROME RD; HILLIARD & ROME RD,Stout property,2893 Hilliard Rome Rd,Rezoning to R-3,L-B-3,09/08/2016,11/28/2016 (16-40)
PZ-16-41,16-0276LC,053-000005,,Hilliard Middle School,2800 Walker Rd,"Conditional use - public school & Level ""B"" site plan",S-1,09/08/2016,n/a
PZ-16-42,16-0277LC,050-011217,4303 TRUEMAN BL,Hilliard Assisted Living & Memory Care,4303 Trueman Blvd,Sign variance - ground sign,PUD (Soma),09/08/2016,n/a
PZ-16-44,16-0278LC,050-003367,3930 RIDGE MILL RD,Ohio Health Auto Body Collision & Glass,3880 Fishinger Blvd 3930 Ridge Mill Dr,"Lot split, PUD final development plan",PUD (Mill Run),09/08/2016,n/a
PZ-16-43,16-0279LC,050-000152 050-000174,4030 MAIN ST; 4036 MAIN ST,Sports on Tap,4030 & 4036 Main St,Old Hilliard District Plan,OH-MD,Withdrawn 2/9/2017,n/a
PZ-16-45,16-0280LC,050-004080,3455 MILL RUN DR,One Mill Run Container Café,3455 Mill Run Dr,PUD final development plan modification,PUD (Mill Run),Withdrawn 2/10/2017,n/a
PZ-16-46,16-0281LC,050-000147,5231 NORWICH ST,Warnock property,5231 Norwich St,Old Hilliard District Plan,OH-RD,10/13/2016,n/a
PZ-16-47,16-0282LC,050-000222,3606 MAIN ST,Napa Auto Parts,3604 Main St,Sign variance - wall sign,B-2,09/08/2016,n/a
PZ-16-48,16-0283LC,050-005625 050-009191 053-000105 050-011312,6500 SCIOTO DARBY RD; LAMPTON POND DR,The Square at Latham Park,6500 Scioto Darby Rd,Final Plat - Scioto Darby Rd right-of-way and easements,PUD (The Square at Latham Park),10/13/2016,11/14/2016 (16-R-86)
PZ-16-49,16-0284LR,053-000022,,Heritage Preserve - Audubon Avenue right-of-way,Heritage Preserve Subarea C,Final Plat - Audobon Ave right-of-way and Reserve EE,PUD (Heritage Preserve),11/10/2016,12/12/2016 (16-R-100)
PZ-16-50,16-0285LC,050-011249,4266 CEMETERY RD,First Financial Bank,4266 Cemetery Rd,PUD final development plan & sign variance,ash,11/10/2016,n/a
PZ-16-51,16-0286LC,050-008256,4674 BRITTON PW,Mount Carmel Hilliard,4253 Davidson Rd,Final Plat - Davidson-Clara Connector,PUD (Ansmil),11/10/2016,12/12/2016 (16-R-99)
PZ-16-52,16-0287LR,050-000000,Not Found,Dorset Glen,3952 Darby Park Rd,Sign variance - ground signs,R-4,12/08/2016,n/a
PZ-16-53,16-0288LC,050-002405,4489 CEMETARY RD,Aldi,4489 Cemetery Rd,"PUD final development plan, Level ""B"" site plan & sign variance",PUD (Cemetery Road Properties Between Leap & Lacon Roads),12/08/2016,n/a
PZ-16-54,16-0289LC,050-000157,Not Found,Landmark Lofts,5264 Franklin St,Final Plat - Franklin Street & Cemetery Rd right-of-way,PUD (Landmark Lofts),11/10/2016,12/12/2016 (16-R-98)
PZ-16-55,16-0290LC,050-003367,3930 RIDGE MILL RD,OhioHealth,3880 Fishinger Blvd,Sign variance - colors,PUD (Mill Run),12/08/2016,n/a
PZ-16-56,16-0291LC,n/a,,Capital Improvements Program (2017-2021),n/a,Capital Improvements Program (2017-2021),n/a,01/12/2017,n/a
PZ-16-57,16-0292LC,05-003221,,Food Tech,4200 Parkway Ct,"Level ""A"" site plan",M-1,12/21/16 by staff,n/a
PZ-16-58,16-0293LC,050-011438,4311 ANSON DR,Rock City Church,4200 Anson Dr,Extension of time limit,PUD (Ansmil),01/12/2017,n/a
PZ-16-59,16-0294LC,050-003397,4150 LYMAN DR,Pharmaforce Inc.,4150 Lyman Dr,"Level ""B"" site plan minor changes",B-4,02/09/2017,n/a
,16-0295LC,VOID,,VOID,VOID,VOID,VOID,VOID,VOID
PZ-16-60,16-0296LC,050-011419,4890 EDWARDS FARM RD,The Pointe,4178 Davidson Rd,Sign variance - ground signs,PUD (Vision Development),01/12/2017,n/a
PZ-16-61,16-0297LC,n/a,,Mobilitie,various locations within right-of-way,Conditional use - wireless communication facilities,n/a,Incomplete application returned,n/a
PZ-17-1,17-0298LC,050-002092 050-002100 050-001540 050-002081,5499 CONSTITUTION BL; HERITAGE CLUB DR REAR,Ten Pin Alley,5499 Ten Pin Alley (formerly Constitution Blvd),"Level ""B"" site plan & conditional use - bowling alley",B-2,02/09/2017,n/a
PZ-17-2,17-0299LC,050-002080,3750 STURBRIDGE CT,Ashford at Sturbridge,3750 Sturbridge Ct,PUD modification,PUD (Sturbridge Court),02/09/2017,3/27/2017 (17-R-27)
PZ-17-3,17-0300LR,053-000020,,Heritage Preserve Section 2 Phase 4,,Lot split,PUD (Heritage Preserve),02/09/2017,n/a
PZ-17-4,17-0301LR,052-000115 052-000118 052-000119 052-000120,,Tarlton Meadows Section 1,"South side of Hayden Run Rd approximately 1,200 feet west of Cosgray Rd",Final plat,PUD (Buck et al properties),03/09/2017,3/27/2017 (17-R-28)
PZ-17-5,17-0302LR,050-000157,Not Found,Landmark Lofts,5264 Franklin St,Lot split,PUD (Landmark Lofts),03/09/2017,n/a
PZ-17-6,17-0303LC,050-000219,4235 AVERY RD,Circle K,4235 Avery Rd,Sign variance - internal illumination,B-1,03/09/2017,n/a
PZ-17-7,17-0304LC,050-007274,3641 - 3681 FISHINGER BL,"USPG Portfolio Six, LLC property",3641-3681 Fishinger Blvd,Lot split,PUD (Mill Run),03/09/2017,n/a
PZ-17-8,17-0305LC,050-000151 050-003188,MADISON ST; SCIOTO DARBY CRK RD,Hilliard City School District property,West corner of Madison St & Wayne St,Lot split,S1,03/09/2017,n/a
PZ-17-9,17-0306LR,053-000020,,Heritage Preserve PUD Subareas A-1 & C,Eastern end of Switchgrass Ct & south side of Davis Rd,Lot split,PUD (Heritage Preserve),04/13/2017,n/a
PZ-17-13,17-0307LR,053-000020,,Heritage Preserve PUD Subarea A-5,Northwest corner of Davis Rd & Audubon Ave,Lot split,PUD (Heritage Preserve),04/13/2017,n/a
PZ-17-11,17-0308LR,053-000020,,Heritage Preserve PUD Subareas A-3 & C,Western portion of Heritage Preserve PUD,Lot split,PUD (Heritage Preserve),04/13/2017,n/a
PZ-17-12,17-0309LR,053-000020,,Heritage Preserve Section 2 Phase 4,South side of Davis Rd approximately 300 feet west of Audubon Ave (Subarea A-4),Final plat,PUD (Heritage Preserve),04/13/2017,5/22/2017 (17-R-49)
PZ-17-10,17-0310LR,053-000020,,Heritage Preserve Section 2 Phase 6,West side of Audubon Ave & south of Davis Rd (Subarea A-6),PUD modification & Final plat,PUD (Heritage Preserve),06/08/2017,8/28/2017 (17-R-64) (17-R-65)
PZ-17-14,17-0311LR,050-011419,4890 EDWARDS FARM RD,The Pointe,4890 Edwards Farm Rd,Sign variance - temporary sign,PUD (Vision Development),04/13/2017,n/a
PZ-17-15,17-0312LC,050-011438,4311 ANSON DR,Rock City Church,4202 Anson Dr (Ansmil PUD Subarea C7),PUD Final Development Plan modification,PUD (Ansmil),05/11/2017,n/a
PZ-17-16,17-0313LC,050-010046,5001 WILCOX RD,Noor Islamic Cultural Center,5001 Wilcox Rd,PUD Final Development Plan modification,PUD (Silverton Farms),09/14/2017,n/a
PZ-17-17,17-0314LC,050-002838,4100 COLUMBIA ST,Franklin County Fairgrounds,4100 Columbia Street,Sign variance - temporary signs,S-1,05/11/2017,n/a
PZ-17-18,17-0315LC,050-011451 050-011452,4253 DAVIDSON RD,Mount Carmel Hilliard,4700 Britton Pkwy,Sign variance - temporary banner signs,PUD (Ansmil),06/08/2017,n/a
PZ-17-19,17-0316LC,050-002267,3600 PARKWAY LN,INS Robotics,3600 Parkway Ln,"Level ""B"" site plan",M-1,06/08/2017,n/a
PZ-17-20,17-0317LC,050-003175,4000 LYMAN DR,Cummins,4000 Lyman Dr,Sign variance - height & area,B-4,06/08/2017,n/a
PZ-17-21,17-0318LC,050-004375,4251 LEAP RD,"SK Leap Road Owner, LLC",4251 Leap Rd,"Level ""B"" site plan",M-1,06/08/2017,n/a
PZ-17-22,17-0319LC,050-003039 050-003205,4653 TRUEMAN BL; 4643 TRUEMAN BL,Water's Edge,Trueman Blvd,"Level ""A"" site plan",PUD (Soma),,n/a
PZ-17-23,17-0320LC,053-000024,,A.R. Building Co. (Heritage Preserve Apartments),6631 Tanager Ln,PUD modification & PUD Final Development Plan,PUD (Heritage Preserve),08/10/2017,11/27/2017 (17-R-94)
PZ-17-24,17-0321LR,050-000252 050-000364 050-000268,Not Found,Old Hilliard LTD properties,5154 Norwich St,Lot split,OH-RD,08/10/2017,n/a
PZ-17-25,17-0322LC,050-007016,3781 PARK MILL RUN DR,Cam International Market,3781 Park Mill Run Dr,Sign variance - temporary banner sign,PUD (Mill Run),08/10/2017,n/a
PZ-17-26,17-0323LC,052-000159 052-000160,,Tarlton Meadows Section 1,Soutwest corner Hayden Run Rd & Tarlton Blvd,Sign variance - subdivision development sign,PUD (Buck et al properties),08/10/2017,n/a
PZ-17-27,17-0324LC,050-000464 050-000465 050-00466,5398 SCIOTO DARBY RD,Graeter's Ice Cream,Northwest corner Scioto Darby Rd & High School Dr,"Level ""B"" Site Plan, conditional use & sign variance",B-1,11/09/2017,n/a
PZ-17-28,17-0325LC,050-011446,3880 MILL RUN DR,Ohio Health,3880 Fishinger Blvd,Sign variance - temporary banner sign,PUD (Mill Run),08/10/2017,n/a
PZ-17-29,17-0326LC,050-003194,4599 AVERY RD,"Glenmont, Inc. property",4599 Avery Rd,Sign variance - ground sign,R-4,09/14/2017,n/a
PZ-17-30,17-0327LC,050-000002,4115 MAIN ST,Bell Tree Productions,4115 Main St,Sign variance - sandwich board,OH-MD,09/14/2017,n/a
PZ-17-31,17-0328LR,120-001259 120-000335,,Hill Farm properties,7380 Scioto Darby Rd,Rezoning to HCD,R-R,Withdrawn 9/5/2017,n/a
PZ-17-32,17-0329LC,050-000377,5491 SCIOTO DARBY RD,Trio Orthodontics,5491 Scioto Darby Rd,Sign variance - temporary banner sign,B-3,09/14/2017,n/a
PZ-17-33,17-0330LC,050-008256,4674 BRITTON PW,Mount Carmel Hilliard,East side of Britton Pkwy approximately 900 feet south of Davidson Rd,Final Plat - North Clara Circle,PUD (Ansmil),09/14/2017,10/23/2017 (17-R-87)
PZ-17-34,17-0331LC,050-000188 050-000084 050-000035,4055 MAIN ST; NORWICH ST,M&K Investments,4055 Main St,Conditional use - brew pub & place of worship,OH-MD,10/12/2017,n/a
PZ-17-35,17-0332LC,050-011436,4460 MOUNTAIN LAUREL DR 1,Greyson at Hickory Chase apartments,4460 Mountain Laurel Dr,Sign variance - 3 temporary feather banners & 1 sandwich board,PUD (Ansmil),10/12/2017,n/a
PZ-17-36,17-0333LC,050-008256,4674 BRITTON PW,Mount Carmel Health System,4674 Britton Pkwy,"Sign variance - internal illumination, ground sign height & area & masonry base, wall signs, directional signs",PUD (Ansmil),10/12/2017,n/a
PZ-17-37,17-0334LC,050-008254,4501 DAVIDSON RD,Trilogy Health Services,4549 Davidson Rd (4680 Library Way) (Subarea B2),"PUD modification, PUD Final Development Plan & sign variance (115 beds)",PUD (Ansmil),10/12/2017,Denied 2/26/18 ReconsiderationApproved 4/23/18 (18-R-15)
PZ-17-38,17-0335LC,050-003293,4301 LYMAN DR,Arctic Express,4301 Lyman Dr,"Level ""A"" site plan",B-4,10/3/2017 by staff,n/a
PZ-17-39,17-0336LC,050-003731,3690 MAIN ST,Burger King,3690 Main St,Sign variance - wall signs,B-2,11/09/2017,n/a
PZ-17-40,17-0337LR,120-001259 120-000335,,Hill Farm properties,7380 Scioto Darby Rd,Rezoning to HCD,R-R,02/08/2018,Denied 10/22/18 (18-11)
PZ-17-41,17-0338LC,050-005623,6304 - 6356 SCIOTO DARBY RD,Scioto Orthodontics,6358 Scioto Darby Rd,Sign variance - wall signs,PUD (Darby Town Center),11/09/2017,n/a
PZ-17-42,17-0339LC,050-000114,4098 MAIN ST,Bella Capelli Salon & Day Spa,4098 Main St,Sign variance - wall sign,OH-MD,12/14/2017,n/a
PZ-17-43,17-0340LR,052-000118,,Tarlton Meadows Section 2,5295 Tarlton Blvd,Final Plat,PUD (Buck et al properties),12/14/2017,2/12/2018 (18-R-14)
PZ-17-44,17-0341LR,050-010603,5408 EAST VUE DR,Hilliard 30,North side of Riggins Rd approximately 500 feet west of Britton Pwky,PUD Final Development Plan,PUD (Britton Central),12/14/2017,n/a
PZ-17-45,17-0342LC,050-004194,5471 FRAZELL RD,Parkside Community Church,5505 Hyde Park Dr,"Level ""B"" site plan & conditional use - private schoool",R-R,12/14/2017,n/a
PZ-17-46,17-0343LC,050-003728,3687 PARK MILL RUN DR,Road Runner Sports,3687 Park Mill Run Dr,PUD modification & PUD Final Development Plan modification,PUD (Mill Run),12/14/2017,1/22/2018 (18-R-02)
PZ-17-47,17-0344LC,050-009210,4473 - 4485 CEMETARY RD,Crafted Drafts,4485 Cemetery Rd,Sign variance - wall signs,PUD (Cemetery Road Properties Between Leap & Lacon Roads),12/14/2017,n/a
PZ-17-48,17-0345LC,050-0003731,3896 LINDA RD,Burger King,3690 Main St,Sign variance - internal illumination for menu sign,B-2,12/14/2017,n/a
PZ-17-49,17-0346LC,050-003221,4200 PARKWAY CT,RDP Service,4200 Parkway Ct,Sign variance - painted wall sign,M-1,12/14/2017,n/a
PZ-17-50,17-0347LC,050-007016,3781 PARK MILL RUN DR,Cam International Market,,PUD Final Development Plan modification - front elevation,PUD (Mill Run),02/08/2018,n/a
PZ-17-51,17-0348LC,050-000334,MAIN ST,"3626-3680 Main Street Co., LTD",3626 Main St,Conditional use - place of worship,B-2,01/11/2018,n/a
PZ-17-52,17-0349LC,050-011361,Not Found,Avery Pointe,4624 Adams Ln,Sign variance - setback & height,R-4,Denied 1/11/18,n/a
,17-0350LC,050-009210,4473 - 4485 CEMETARY RD,Crafted Drafts,4485 Cemetery Rd,Sign variance - more than 4 colors,PUD (Cemetery Road Properties Between Leap & Lacon Roads),Withdrawn,n/a
PZ-18-1,18-0351LC,050-000044,3987 MAIN ST,Old Hilliard LTD properties,3987 Main St,Old Hilliard District Plan & conditional use,OH-MD,03/08/2018,n/a
PZ-18-2,18-0352LC,050-011432 050-011428,4500 HICKORY CHASE WY; 4615 LIBRARY WY,Columbus Metropolitan Library,4500 Hickory Chase Way,"Sign variance - off-premises sign, more than 4 colors, reduced landscaping",PUD (Ansmil),04/12/2018,n/a
PZ-18-3,18-0353LC,050-011438,4311 ANSON DR,Rock City Church,4311 Anson Dr,"Sign variance - excess wall signage, ground sign base height, off-premises directional sign area",PUD (Ansmil),03/08/2018,n/a
PZ-18-4,18-0354LC,050-000974,3730 - 3736 MAIN ST,Domino's,3730-3736 Main St,"Sign variance - ground sign setback, internal illumination, landscaping, base height",B-2,4/12/2018 Setback/base/landscaping approved. Internal illumination denied.,n/a
PZ-18-5,18-0355LC,050-001322,5038 CEMETERY RD,Stanley Insurance Agency,5038 Cemetery Rd,"Level ""B"" Site Plan",B-3,04/12/2018,n/a
PZ-18-6,18-0356LR,050-003868,4663 CRYSTAL BALL RD,Crystal Lake Apartments,4663 Crystal Ball Dr,Sign variance - ground sign with space between sign and base,PUD,04/12/2018,n/a
PZ-18-7,18-0357LR,053-000020,,Heritage Preserve Section 2 Phase 5,7058 Davis Rd,Lot split & Final Plat,PUD (Heritage Preserve),04/12/2018,4/23/2018 (18-R-37)
PZ-18-8,18-0358LC,050-002266,4000 PARKWAY LN,Sports Imports,4000 Parkway Ln,"Level ""B"" Site Plan",B-4,04/12/2018,n/a
PZ-18-9,18-0359LC,050-002798,3950 LYMAN DR,Tru by Hilton,3950 Lyman Dr,"Level ""B"" Site Plan",B-4,06/14/2018,n/a
PZ-18-10,18-0360LC,050-003176 050-003233 050-003727,4050 BRITTON PW; 4105 LYMAN DR,Innsight Hospitality (TownPlace Suites),4079 Lyman Dr,PUD Concept Plan (Rezoning),B-4,04/12/2018,6/25/2018 (Ord. 18-10)
PZ-18-11,18-0361LR,050-008252,Not Found,Carr Farms PUD,East side of Leppert Rd approximately 200 feet north of Davidson Rd,Extension of PUD Concept Plan for 6 months,PUD (Carr Farms),04/12/2018,n/a
PZ-18-12,18-0362LC,050-002424,4599 CEMETERY RD,S&T Bank,4599 Cemetery Rd,PUD Final Development Plan,PUD (Cemetery Road Properties Between Leap & Lacon Roads),05/10/2018,n/a
PZ-18-13,18-0363LR,050-000173 050-000212,5281 NORTH ST; WAYNE ST,Wilcox residence,5281 North St,Old Hilliard District fence,OH-MD,05/10/2018,n/a
PZ-18-14,18-0364LC,050-0003285,5426 MADISON ST,Avid Hotel,3900 Lyman Dr,PUD Final Development Plan,PUD (Britton/Lyman Redevelopment),06/14/2018,n/a
PZ-18-15,18-0365LR,050-011500,5154 NORWICH ST,Coe residence,5154 Norwich St,Old Hilliard District Plan,OH-RD,05/10/2018,n/a
PZ-18-16,18-0366LC,050-007016,3781 PARK MILL RUN DR,Cam International Market,3781 Park Mill Run Dr,Sign variance - wall signs,PUD (Mill Run),05/10/2018,n/a
PZ-18-17,18-0367LC,050-009927,4105 TRUEMAN BL,The Home Depot,4105 Trueman Blvd,Conditional use - outdoor display,PUD (Soma),05/10/2018,n/a
PZ-18-18,18-0368LR,050-000058,5189 NORWICH ST,Hultin & Jordan residence,5189 Norwich St,Old Hilliard District Plan,OH-RD,05/10/2018,n/a
PZ-18-19,18-0369LC,050-002405,4489 CEMETARY RD,Aldi,4489 Cemetery Rd,PUD final development plan & sign variance,PUD (Cemetery Road Properties Between Leap & Lacon Roads),06/14/2018,n/a
PZ-18-20,18-0370LC,050-003297,4401 LYMAN DR,Cabinets to Go,4401 Lyman Dr,Sign variance - more than 4 colors,B-4,Denied 6/14/2018,n/a
PZ-18-21,18-0371LC,050-000153,4095 MAIN ST,Setterlin property,4095 Main St,Old Hilliard District Plan,OH-MD,Withdrawn 8/3/18,n/a
PZ-18-22,18-0372LC,050-002080,3750 STURBRIDGE CT,The Ashford at Sturbridge,3750 Sturbridge Ct,Sign variance - ground signs,PUD (Sturbridge Court),08/09/2018,n/a
PZ-18-23,18-0373LC,050-000013 050-000067,3950 MAIN ST; 5300 CEMETERY RD,St. James Brats & Craft Festival,3900 Main St 5300 Cemetery Rd,Sign variance - off-premises temporary sandwich board signs,B-3 & B-1,06/14/2018,n/a
PZ-18-24,18-0374LC,050-007563,3880 BROWN PARK DR,Klean-A-Kar,3880 Brown Park Dr,"Level ""A"" site plan - vacuums",B-2,5/30/2018 by staff,n/a
PZ-18-25,18-0375LC,050-002400,4278 AVERY RD,Hilliard Church of Christ,4300 Avery Rd,"Sign variance - ground sign with electronic reader board, internal illumination, more than 4 colors",R-2,10/11/2018,n/a
PZ-18-26,18-0376LC,050-003297,4401 LYMAN DR,Cabinets to Go,4401 Lyman Dr,Sign variance - temporary sign,B-4,Withdrawn,n/a
PZ-18-27,18-0377LC,050-002282,4772 CEMETERY RD,Veritas Community Church,4772 Cemetery Rd,Conditional use - place of worship,B-3,08/09/2018,n/a
PZ-18-28,18-0378LR,050-008252,Not Found,Carr Farms PUD (Epcon),East side of Leppert Rd approximately 200 feet north of Davidson Rd,PUD modification (238 dwelling units),PUD (Carr Farms),09/13/2018,11/23/2020 (20-R-95)
PZ-18-29,18-0379LC,050-011428 050-011429 050-011430,4615 LIBRARY WY; HICKORY CHASE DR; 4451 MAGNOLIA WAY EAST,Columbus Metropolitan Library,4500 Hickory Chase Way,Sign variance - temporary signs,PUD (Ansmil),08/09/2018,n/a
PZ-18-30,18-0380LR,050-011312,6500 SCIOTO DARBY RD,The Square at Latham Park,6594 Scioto Darby Rd,Sign variance - subdivision development sign,PUD (Campus at Alton Darby) (The Square at Latham Park),08/09/2018,n/a
PZ-18-31,18-0381LR,053-000024,,Eagle Point at Heritage Preserve,Heritage Preserve Subarea B,Lot split,PUD (Heritage Preserve),08/09/2018,n/a
PZ-18-32,18-0382LC,050-002428 050-002401,4810 CEMETERY RD,Swensons Drive-In,4810 Cemetery Rd,PUD Concept Plan (Rezoning),B-3,Denied 8/9/2018,1/28/2019 (Ord. 18-18)
PZ-18-33,18-0383LC,050-002343 050-003002 050-002800,4990 SCIOTO DARBY RD; 5000 SCIOTO DARBY RD; 5032 SCIOTO DARBY RD,Miller Pipeline,"4982, 5000 & 5032 Scioto Darby Rd","Level ""B"" Site Plan",B-2,08/09/2018,n/a
PZ-18-34,18-0384LC,050-003176 050-003233 050-003727,4050 BRITTON PW; 4105 LYMAN DR,Towneplace Suites by Marriott,4079 Lyman Dr,PUD Final Development Plan,PUD (Innsight Hospitality),09/13/2018,n/a
PZ-18-35,18-0385LC,050-003728,3687 PARK MILL RUN DR,Road Runner Sports,3687 Park Mill Run Dr,Sign variance - ground sign,PUD (Mill Run),09/13/2018,n/a
,18-0386,,,,,,,,
PZ-18-36,18-0387LC,050-000125 050-000185 050-000181 050-000233,5354 CENTER ST,Crooked Can (Center Street Market),5354 Center St,"Old Hilliard District Plan, conditional use & sign variance",OH-MD,09/13/2018,n/a
PZ-18-37,18-0388LC,050-006467,3401 MILL RUN DR,Entrotech,3401 Mill Run Dr,PUD Final Development Plan modification,PUD (Mill Run),09/13/2018,n/a
PZ-18-38,18-0389LC,050-007016,3781 PARK MILL RUN DR,Cam International Market,3769 Park Mill Run Drive,Sign variance - wall sign,PUD (Mill Run),09/13/2018,n/a
PZ-18-39,18-0390LR,,,,,,,,
PZ-18-40,18-0391LC,050-004488,3975 BROWN PARK DR,Tomorrow's Child,3975 Brown Park Dr,"Sign variance - roof sign, more than 4 colors",B-2,10/11/2018,n/a
PZ-18-41,18-0392LR,053-000022 053-000025,,Heritage Preserve Section 3 Phase 4,Heritage Preserve Subarea A-1,Final Plat,PUD (Heritage Preserve),09/13/2018,10/22/2018 (18-R-97)
PZ-18-42,18-0393LR,050-009195 050-008664 053-000256,Not Found,Tarlton Meadows West Section 1 Phase 1,Tarlton Meadows PUD Subarea A-1,Final Plat,PUD (Tarlton Meadows),10/11/2018,11/13/2018 (18-R-104)
PZ-18-43,18-0394LR,053-000256,,Tarlton Meadows West Section 1 Phase 2,Tarlton Meadows PUD Subarea A-2,Final Plat,PUD (Tarlton Meadows),10/11/2018,11/13/2018 (18-R-105)
PZ-18-44,18-0395LR,053-000255 053-000256,,Tarlton Meadows West Section 2 Phase 1,Tarlton Meadows PUD Subarea C,Final Plat,PUD (Tarlton Meadows),10/11/2018,11/13/2018 (18-R-106)
PZ-18-45,18-0396LR,053-000255 053-000256,,Tarlton Meadows West Section 3 Phase 1,Tarlton Meadows PUD Subarea B,Final Plat,PUD (Tarlton Meadows),10/11/2018,11/13/2018 (18-R-107)
PZ-18-46,18-0397LC,050-000090,4120 MAIN ST,Hilliard Floral Design,4120 Main St,Sign variance - temporary banner,OH-MD,10/18/2011,n/a
PZ-18-47,18-0398LC,050-002801 050-002870 050-002869 050-002993,NORTHWEST PW; 4600 NORTHWEST PW; 4350 WEAVER CT NORTH,"Rich Products, Inc.",4600 Northwest Pkwy,"Level ""A"" Site Plan",M-1,9/26/2018 by staff,n/a
PZ-18-48,18-0399LR,050-000330,5241 NORWICH ST,Woodward residence,5241 Norwich St,Old Hilliard District Plan,OH-RD,11/08/2018,n/a
PZ-18-49,18-0400LC,050-003169,4475 DUBLIN RD,St. Brendan the Navigator Catholic Church,4475 Dublin Rd,"Conditional use & Level ""B"" Site Plan",S-1,11/08/2018,n/a
PZ-18-50,18-0401LC,053-000004 053-000006 053-000007 053-000008 053-000008 053-000009 053-000010 053-000011 053-000012 053-000013 053-000014 053-000015 053-000016 053-000017 053-000018,,Alton Place,Northwest corner of Roberts Rd & Alton Darby Rd,Rezoning to HCD,R-R,5/9/2019. Revised plans approved on 5/28/2020.,6/8/2020 (Ord. 19-26)
PZ-18-51,18-0402LC,050-002993 050-002994,4350 WEAVER CT NORTH; 4402 WEAVER CT NORTH,Granite Inliner,Weaver Court North,"Lot split & Level ""B"" Site Plan",M-1,11/08/2018,n/a
PZ-18-52,18-0403LR,050-010510,4470 LEPPERT RD,Leppert residence,4470 Leppert Rd,Lot split,,12/13/2018,n/a
PZ-18-53,18-0404LC,050-008256,4674 BRITTON PW,"Ansmil, LLC property",Southeast corner of Britton Pkwy & Clara Circle South,Lot split,PUD (Ansmil),12/13/2018,n/a
PZ-18-54,18-0405LC,050-008257,Not Found,"Ansmil, LLC property",Southwest corner of Davidson Rd & Leap Rd,Lot split,PUD (Ansmil),12/13/2018,n/a
PZ-18-55,18-0406LR,050-011387,5601 LEXINGTON DR 15,Courtyards at Hayden Run,5601 Lexington Dr,PUD modification,PUD (Epcon),Denied 12/13/2018,11/23/2020 (20-R-96)
PZ-18-56,18-0407LC,050-003005,5657 SCIOTO DARBY RD,Sunrise Academy,5657 Scioto Darby Rd,Sign variance - setback,B-3,12/13/2018,n/a
PZ-18-57,18-0408LR,050-0000369,4077 MAIN ST,Bletzacker residence,5380 Madison St,Old Hilliard District Plan,OH-MD,12/13/2018,n/a
PZ-18-58,18-0409LC,050-002887,3970 - 4138 WEAVER CT EAST,Mid Ohio Development property,4138 Weaver Court South,"Conditional use & Level ""B"" Site Plan",M-1,12/13/2018,n/a
PZ-18-59,18-0410LC,050-003734 050-004375,4241 LEAP RD; 4251 LEAP RD,"Armstrong World Industries, Inc.",4241 & 4251 Leap Rd,"Level ""A"" Site Plan",M-1,11/26/2018 by staff,n/a
PZ-18-60,18-0411LC,050-011463,5224 - 5260 FRANKLIN ST,Daylight Donuts,5260 Franklin St,Sign variance - wall sign,PUD (Landmark Lofts),01/10/2019,n/a
PZ-18-61,18-0412LC,050-011463,5224 - 5260 FRANKLIN ST,WRK Development property,5240 Cemetery Rd,Sign variance - wall sign,PUD (Landmark Lofts),01/10/2019,n/a
PZ-18-62,18-0413LC,050-004194,5471 FRAZELL RD,Spears Funeral Home,5505 Hyde Park Dr,PUD Concept Plan (Rezoning),R-R,Denied 2/14/2019 Reconsidered/Approved 4/11/19,7/8/2019 (Ord. 19-17)
PZ-18-63,18-0414LC,,,The Square at Latham Park,,Sign variance - temporary signs,PUD (The Square at Latham Park),01/10/2019,n/a
,19-0415LC,050-000219,4235 AVERY RD,Circle K,4235 Avery Rd,Sign variance,B-1,02/14/2019,n/a
,19-0416LC,050-007649,3575 MAIN ST,Circle K,3575 Main St,Sign variance,PUD (Heritage Lakes),02/14/2019,n/a
PZ-19-1,19-0417LC,050-005144,4656 CEMETERY RD,Starbucks,4656 Cemetery Rd,Sign variance,B-2,02/14/2019,n/a
PZ-19-2,19-0418LR,050-011503 050-000268 050-000364 050-000252,Not Found,Norwich Square,Northeast side of Norwich St approximately 200 feet northwest of Linda Rd,Old Hilliard District Plan & Preliminary Plat,OH-RD,02/14/2019,n/a
PZ-19-3,19-0419LC,050-003183,4601 LYMAN DR,Rahal Racing,4601 Lyman Dr,Lot split,B-4,02/14/2019,n/a
PZ-19-4,19-0420LC,050-007004,3785 PARK MILL RUN DR,Arhaus Furniture,3791 Park Mill Run Dr,Outdoor storage screening modification,PUD (Mill Run),03/14/2019,n/a
PZ-19-5,19-0421LR,050-004806,4448 AVERY RD,Forchione property,4448 Avery Rd,Rezoning to R-3 & Lot split,R-R,03/14/2019,6/10/2019 (Ord. 19-11)
PZ-19-6,19-0422LC,050-007509 050-007017,3747 PARK MILL RUN DR,Ag-Pro (formerly JD Equipment),3727 & 3747 Park Mill Run Dr,PUD modification & Final development plan modification,PUD (Mill Run),3/14/2019 Signage on 4/11/19,4/22/2019 (19-R-42)
PZ-19-7,19-0423LC,050-002164,3685 MAIN ST,McDonald's,3685 Main St,Sign variance - internal illumination for menu sign,B-2,04/11/2019,n/a
PZ-19-8,19-0424LC,050-011248,MEEKS DR,McDonald's,4280 Cemetery Rd,Sign variance - internal illumination for menu sign,PUD (Britton/Lyman Redevelopment),04/11/2019,n/a
PZ-19-9,19-0425LR,053-000025 053-000415,,Heritage Preserve Section 3 Phase 5,East of Switchgrass Ct & South of Davis Rd,Final Plat,PUD (Heritage Preserve),04/11/2019,05/13/2019
PZ-19-10,19-0426LR,053-000103 053-000021 053-000385,,Heritage Preserve Section 2 Phase 7,Western terminus of Scarlet Oak Dr,Final Plat,PUD (Heritage Preserve),04/11/2019,05/13/2019
PZ-19-11,19-0427LC,050-003266,4490 - 4514 CEMETERY RD,Allstate,4498 Cemetery Rd,Sign variance - temporary banner,B-2,Withdrawn,n/a
PZ-19-12,19-0428LC,050-010487,4083 - 4093 TRUEMAN BL,Grandad's Pizza & Pub and Hilliard Montessori,4083-4093 Trueman Blvd,Sign variance - illumination hours,PUD (Soma),Denied 4/11/2019,n/a
PZ-19-13,19-0429LC,050-007509 050-007017,3747 PARK MILL RUN DR,Ag-Pro (formerly JD Equipment),3727 & 3747 Park Mill Run Dr,Comprehensive signage plan and fencing plan,PUD (Mill Run),04/11/2019,n/a
PZ-19-14,19-0430LC,050-007700,4577 LYMAN DR,Scioto Valley,4577 Lyman Dr,"Level ""A"" Site Plan",B-4,4/2/2019 by staff,n/a
PZ-19-15,19-0431LC,050-002405 050-002410,4489 CEMETARY RD; 4501 CEMETERY RD,Aldi and First Federal Bank of the Midwest,4489 & 4501 Cemetery Rd,Lot split,PUD (Cemetery Road Properties Between Leap & Lacon Roads),05/09/2019,n/a
PZ-19-16,19-0432LC,050-011436,4460 MOUNTAIN LAUREL DR 1,The Greyson,4460 Mountain Laurel Dr,PUD Final Development Plan modification for decorative lighting,PUD (Ansmil),05/09/2019,n/a
PZ-19-17,19-0433LC,050-002401,4810 CEMETERY RD,Swensons Drive-In,4810 Cemetery Rd,PUD modification & Final Development Plan,PUD (Swensons PUD),05/09/2019,6/24/2019 (19-R-52)
PZ-19-18,19-0434LC,050-003024,5677 SCIOTO DARBY RD,Sunrise Academy High School,5677 Scioto Darby Rd,Conditional use - private school,S-1,05/09/2019,n/a
PZ-19-19,19-0435LR,052-000118,,Tarlton Meadows Section 3,5295 Tarlton Blvd,Final Plat,PUD (Buck et al properties),05/09/2019,6/10/2019 (19-R-56)
PZ-19-20,19-0436LC,050-003169,4475 DUBLIN RD,St. Brendan the Navigator,4475 Dublin Rd,Sign variance - temporary signs,S-1,05/09/2019,n/a
PZ-19-21,19-0437LR,050-000085,4010 COLUMBIA ST,Tidd Funeral Home,4010 Columbia St,Old Hilliard District Plan,OH-MD,Withdrawn 6/5/19,n/a
PZ-19-22,19-0438LC,050-002867,4232 CEMETERY RD,Speedway,4232 Cemetery Rd,Sign variance - internal illumination for gas prices,B-4,06/13/2019,n/a
PZ-19-23,19-0439LC,050-008257 050-008258,4655 LEAP RD,Kiwi's Clubhouse,West side of Leap Rd approximatley 500 feet south of Davidson Rd,PUD modification & PUD Final Development Plan,PUD (Ansmil),09/12/2019,11/25/2019 (19-R-93)
PZ-19-24,19-0440LR,050-003268,3927 BROWN PARK DR,Pine Forest Development,West side of Brown Park Dr approximately 250 feet north of Cemetery Rd,"Level ""B"" Site Plan & Conditional use for self-storage facility",B-2,06/13/2019,n/a
PZ-19-25,19-0441LC,050-007277,3873 PARK MILL RUN DR,Moo Moo Express Car Wash,3873 Park Mill Run Dr,PUD modification & PUD Final Development Plan,PUD (Mill Run),Withdrawn 8/2/19,n/a
PZ-19-26,19-0442LR,050-011502,5148 NORWICH ST,Montgomery residence,Northeast side of Norwich St approximately 250 feet northwest of Linda Rd,Old Hilliard District Plan,OH-RD,06/13/2019,n/a
PZ-19-27,19-0443LC,050-001488,4200 LYMAN CT,National Sign Systems,4200 Lyman Dr,"Level ""A"" Site Plan",B-4,5/30/2019 by staff,n/a
PZ-19-28,19-0444LC,050-011463,5224 - 5260 FRANKLIN ST,Rita's Italian Ice,5240 Franklin St,Sign variance - additional wall sign more than 4 colors & window signs,PUD (Landmark Lofts),06/13/2019,n/a
PZ-19-29,19-0445LC,050-011438 050-008255,4311 ANSON DR; ANSON DR,Rock City Church,4311 Anson Dr,Lot split & PUD Final Development Plan modification,PUD (Ansmil),07/11/2019,n/a
PZ-19-30,19-0446LC,050-011176,4051 BRITTON PW 2,Get Go,4051 Britton Pkwy,Sign variance - internal illumination for gas prices,PUD (First Industrial LP property),07/11/2019,n/a
PZ-19-31,19-0447LC,050-003734,4241 LEAP RD,"Armstrong World Industries, Inc.",4241 Leap Rd,"Level ""A"" Site Plan",M-1,6/14/2019 by staff,n/a
PZ-19-32,19-0448LC,050-009383,3690 - 3720 LACON RD,Liberty Baptist Church,3700 Lacon Rd,Conditional use - place of worship,M-1,07/11/2019,n/a
PZ-19-33,19-0449LC,050-002980,3540 PARKWAY LN,Blue Oak,3540 Parkway Ln,Sign variance - ground sign base & space between base and sign,M-1,07/11/2019,n/a
PZ-19-34,19-0450LC,050-011444,5109 - 5129 HAYDEN RUN RD,"Vadata, Inc. (Project Marble) (Amazon Date Center)",5121 Hayden Run Rd,"Level ""A"" Site Plan",PUD (Britton Central),08/23/2019,n/a
PZ-19-35,19-0451LR,050-003023,5164 NORTHWEST PW,Norwich Township Board of Trustees property,North side of Northwest Pkwy approximately 400 feet east of Avery Rd,"Conditional use and Level ""B"" Site Plan",R-2,08/08/2019,n/a
PZ-19-36,19-0452LC,050-000100,5330 - 5334 CEMETERY RD,Salateen Grill,5330 Cemetery Rd,Revised site plan to permit a food truck/trailer within the existing parking lot,B-1,Denied 8/8/19,n/a
PZ-19-37,19-0453LC,050-003009,3932 BROWN PARK DR,Hilliard Food Pantry,4410 Cemetery Rd,Sign variance - temporary signs,B-3,08/08/2019,n/a
PZ-19-38,19-0454LC,050-009209,4453 - 4489 CEMETERY RD,FastSigns of Hilliard,4469 Cemetery Rd,Sign variance - wall sign,PUD (Cemetery Road Properties Between Leap & Lacon Roads),09/12/2019,n/a
PZ-19-39,19-0455LC,050-003024,5677 SCIOTO DARBY RD,Sunrise Academy High School,5677 Scioto Darby Rd,Conditional use - private school,S-1,11/14/2019,n/a
PZ-19-40,19-0456LC,050-003731,3690 MAIN ST,Burger King,3690 Main St,Sign variance - internal illumination for menu signs,B-2,09/12/2019,n/a
,19-0457,,,,,,,,
PZ-19-41,19-0458LC,050-011226,3737 PARKWAY LN,SRS Mechanical,3737 Parkway Ln,Sign variance - more than 4 colors,M-1,10/10/2019,n/a
PZ-19-42,19-0459LC,050-007563,3880 BROWN PARK DR,Klean-A-Kar,3880 Brown Park Dr,Sign variance - internal illumination for menu sign,B-2,10/10/2019,n/a
PZ-19-43,19-0460LC,050-005764,4652 CEMETERY RD,Taco Bell,4652 Cemetery Rd,Sign variance - internal illumination for ground sign,B-2,10/10/2019,n/a
PZ-19-44,19-0461LC,050-003178,3959 - 3959 PARKWAY LN,"Buckeye Body Shop, Inc.",3949 Parkway Ln,"Conditional use and Level ""B"" Site Plan",B-4,10/10/2019,n/a
PZ-19-45,19-0462LC,050-008254,4501 DAVIDSON RD,Trilogy Health Services,4549 Davidson Rd (4680 Library Way),PUD Final Development Plan modification (115 beds),PUD (Ansmil),10/10/2019,n/a
PZ-19-46,19-0463LC,050-007700,4577 LYMAN DR,Scioto Valley,4577 Lyman Dr,Sign variance - internal illumination for wall and ground signs,B-4,10/10/2019,n/a
PZ-19-47,19-0464LC,050-011360,4579 AVERY RD,American Legion Memorial Post 614,4579 Avery Rd,Sign variance - number of flags and flag height,R-4,10/10/2019,n/a
PZ-19-48,19-0465LC,050-011311 053-000105,SCIOTO DARBY RD,Latham Apartments LLC,4170 Green Clover Dr,Sign variance - temporary sign & decorative entrance lighting plan,PUD (Campus at Alton Darby) (The Square at Latham Park),11/14/2019,n/a
PZ-19-49,19-0466LC,050-002166,5138 NORWICH ST,Hilliard Pediatric Dentistry (Strickler & Sons LLC property),5138 Norwich St,Old Hilliard District Plan & Conditional use - residence above office,OH-RD,11/14/2019,n/a
PZ-19-50,19-0467LC,050-000219,4235 AVERY RD,Circle K,4235 Avery Rd,Sign variance,B-1,11/14/2019,n/a
PZ-19-51,19-0468LC,050-002405,4489 CEMETARY RD,Aldi,4489 Cemetery Rd,Sign variance - temporary sign,PUD (Cemetery Road Properties Between Leap & Lacon Roads),Withdrawn,n/a
PZ-19-52,19-0469LC,050-005764,4652 CEMETERY RD,Taco Bell,4652 Cemetery Rd,Sign variance - internal illumination for pre-menu board sign,B-2,11/14/2019,n/a
PZ-19-53,19-0470LC,050-007649,3575 MAIN ST,Circle K,3575 Main St,Sign variance - setback,PUD (Heritage Lakes),12/12/2019,n/a
PZ-19-54,19-0471LC,050-002875 050-002895,3700 PARKWAY LN; 3660 PARKWAY LN,Parkway Business Park,3660 & 3700 Parkway Ln,Sign variance - internal illumination & height,M-1,12/12/2019,n/a
PZ-19-55,19-0472LC,050-010046,5001 WILCOX RD,Noor Islamic Cultural Center,5001 Wilcox Rd,Entrance drive modification on Silverton Way,PUD (Silverton Farms),Denied 12/12/19,n/a
,10-0473,VOID,,VOID,VOID,VOID,VOID,VOID,VOID
PZ-19-56,19-0474LC,120-000335 053-000318 053-000319 053-000320 053-000321 053-000322,,Hill Farm properties & Bright properties,"NW corner of Sciot Darby Rd & Elliott Rd, South side of Scioto Darby Rd 500 feet east of Langton Rd, & East side of Elliott Rd 3,300 feet north of Scioto Darby Rd",Rezoning to HCD,R-R,Withdrawn,
PZ-19-57,19-0475LC,050-001316 050-002996,4985 CEMETERY RD; 4995 CEMETERY RD,Cyclical Nature Bicycles,4985 Cemetery Rd,Similar use,B-3,12/12/2019,n/a
PZ-19-58,19-0476LC,050-004194,5471 FRAZELL RD,Spears Funeral Home,5471 Frazell Rd,PUD Final Development Plan,PUD (Spears Funeral Home),12/12/2019,n/a
PZ-19-59,19-0477LR,050-000273,5156 NORWICH ST,Weiant property,5156 Norwich St,Lot split,OH-RD,12/12/2019,n/a
PZ-19-60,19-0478LC,050-010487,4083 - 4093 TRUEMAN BL,HER Realtors,4087 Trueman Blvd,Sign variance - sandwich board,PUD (Soma),02/13/2020,n/a
PZ-19-61,19-0479LC,050-002405,4489 CEMETARY RD,Aldi,4489 Cemetery Rd,Sign variance - window signage,PUD (Cemetery Road Properties Between Leap & Lacon Roads),02/13/2020,n/a
PZ-19-62,19-0480LC,050-004736,Not Found,Baesman,4485 Reynolds Dr,"Level ""A"" Site Plan",B-4,,n/a
PZ-19-63,19-0481LC,050-002990,4271 WEAVER CT,Everdry Waterproofing,4271 Weaver Ct North,"Level ""A"" Site Plan",M-1,2/12/2020 by staff,n/a
PZ-19-64,19-0482LC,050-002969,3201 HILLIARD & ROME RD,Tinapple Plaza,3257 Hilliard Rome Rd,Sign variance - internal illumination,B-2,Denied 2/13/2020,n/a
PZ-20-1,20-0483LR,050-010603,5408 EAST VUE DR,Edward Rose Properties (Upper Vue Flats),Britton Central PUD Sub Area A2 - North side of Riggins Road approximatley 500 feet west of Britton Pkwy,PUD modification,PUD (Britton Central),02/13/2020,3/9/2020 (20-R-25)
PZ-20-3,20-0484LC,050-011171,4051 BRITTON PW,Giant Eagle,4001 Britton Pkwy,Sign variance - wall sign,PUD (First Industrial LP property),02/13/2020,n/a
PZ-20-4,20-0485LC,050-002579,4896 SCIOTO DARBY RD,S&K Tire & Auto Service,4896 Scioto Darby Rd,Conditional use - auto repair,B-2,03/12/2020,n/a
PZ-20-2,20-0486LC,050-000119,5260 NORWICH ST,The Ohio Bell Telephone Company property (Hilliard Ohio Historical Society),Northern corner of Norwich St and Columbia St,Sign variance - temporary sign,OH-MD,05/14/2020,n/a
PZ-20-5,20-0487LC,050-003040,4355 DAVIDSON RD,Equity,4653 Trueman Blvd,Sign variance - ground sign,PUD (Soma),03/12/2020,n/a
PZ-20-6,20-0488LC,050-003728,3687 PARK MILL RUN DR,"G&G Parcel X, LLC (Road Runner Sports)",3687 Park Mill Run Dr,"Sign variance - height, internal illumination, base & landscaping",PUD (Mill Run),03/12/2020,n/a
PZ-20-7,20-0489LC,050-004483,4714 - 4740 CEMETERY RD,Citadel Café,4734 Cemetery Rd,Conditional use - car rental & sign variance additional neon,B-2,3/12/20 Approved Cond. Use & sandwich board sign; Neon sign denied,n/a
PZ-20-8,20-0490LC,050-003023,5164 NORTHWEST PW,Norwich Township storage building,5164 Northwest Pkwy,"Level ""B"" Site Plan",R-2,03/12/2020,n/a
PZ-20-9,20-0491LC,050-011312,6500 SCIOTO DARBY RD,Square at Latham Park Subarea 2 (gas station),6506 Scioto Darby Rd,"PUD modification, PUD Final Development Plan & conditional use",PUD (The Square at Latham Park),03/12/2020,4/13/2020 (20-R-33)
PZ-20-10,20-0492LC,050-000110 050-000333,3988 - 3996 MAIN ST; 5252 NORWICH ST,Ross Realtors,5252 Norwich St & 3988 Main St,Sign variance - temporary sign & more than 3 colors,OH-MD,03/12/2020,n/a
PZ-20-11,20-0493LC,n/a,,Zoning Code Amendment,n/a,"Zoning Code amendment to permit ""Bicycle Fitting Studio""",n/a,03/12/2020,4/27/2020 (Ord. 20-12)
,20-0494,VOID,,VOID,VOID,VOID,VOID,VOID,VOID
PZ-20-12,20-0495LR,053-000020,,Fischer Homes,Heritage Preserve Subarea A5,Lot split,PUD (Heritage Preserve),03/12/2020,n/a
PZ-20-13,20-0496LC,050-005144,4656 CEMETERY RD,Kroger,4656 Cemetery Rd,Sign variance - cart corrals,B-2,Denied 4/9/2020,n/a
PZ-20-14,20-0497,,,,,,,,
PZ-20-15,20-0498LR,053-000255 053-000256,,Tarlton Meadows West Section 3 Phase 2A,Tarlton Meadows PUD Subarea C,Final Plat,PUD (Tarlton Meadows),04/09/2020,5/11/2020 (20-R-38)
PZ-20-16,20-0499LR,053-000255,,Tarlton Meadows West Section 3 Phase 2B,Tarlton Meadows PUD Subarea C,Final Plat,PUD (Tarlton Meadows),04/09/2020,5/11/2020 (20-R-39)
PZ-20-17,20-0500LR,053-000255 053-000256,,Tarlton Meadows West Section 4 Phase 2A,Tarlton Meadows PUD Subarea B,Final Plat,PUD (Tarlton Meadows),04/09/2020,5/11/2020 (20-R-40)
PZ-20-18,20-0501LR,053-000255,,Tarlton Meadows West Section 4 Phase 2B,Tarlton Meadows PUD Subarea B,Final Plat,PUD (Tarlton Meadows),04/09/2020,5/11/2020 (20-R-41)
PZ-20-19,20-0502LC,050-003005,5657 SCIOTO DARBY RD,Sunrise Academy,5657 Scioto Darby Rd,Conditional use - private school,B-3,04/09/2020,n/a
PZ-20-20,20-0503LC,050-007016,3781 PARK MILL RUN DR,Asian Center,3773 Park Mill Run Dr,Sign variance - wall signs,PUD (Mill Run),04/09/2020,n/a
PZ-20-21,20-0504LR,050-010603,5408 EAST VUE DR,Edward Rose Properties (Upper Vue Flats),North side of Riggins Rd approximately 500 feet west of Britton Pwky,PUD Final Development Plan (470 apartments),PUD (Britton Central),05/14/2020,n/a
PZ-20-22,20-0505LC,050-004270 050-004021 050-004022 050-004023 050-004024 050-004025 050-004027 050-004028 050-004029 050-004030 050-004031 050-004032 050-006632 050-005985 050-006466,4694 RIVERWOOD DR; 4282 REYNOLDS DR; 4364 REYNOLDS DR; 4390 REYNOLDS DR; 4400 REYNOLDS DR; 4477 - 4485 REYNOLDS DR; 4455 REYNOLDS DR; REYNOLDS DR; 4375 REYNOLDS DR; 4329 REYNOLDS DR; 4299 - 4301 REYNOLDS DR; 4348 REYNOLDS DR; 4324 REYNOLDS DR,City of Hilliard,4282-4477 Reynolds Dr,Rezoning to M-1 with a Limited Overlay (L-M-1),B-4,05/14/2020,6/8/2020 (Ord. 20-13)
PZ-20-23,20-0506LR,050-000033,CENTRE ST,McLaughlin residence,5185 Norwich St,Lot split,OH-RD,05/14/2020,n/a
PZ-20-24,20-0507LR,050-000273,5156 NORWICH ST,Weiant residence,5156 Norwich St,Awnings,OH-RD,05/14/2020,n/a
PZ-20-25,20-0508LC,050-009807 050-011197 050-011455,4678 COSGRAY RD; 4580 - 4640 COSGRAY RD,City of Hilliard & Hilliard City School District,4678 Cosgray Rd,PUD Concept Plan (Rezoning) [Grener PUD],S-1,06/11/2020,7/13/2020 (Ord. 20-18)
PZ-20-26,20-0509LC,050-002845 050-000221 050-002282,4300 AVERY RD; 360 MAIN ST; 4772 CEMETERY RD,SON Ministries,"4300 Avery Rd, 3500 Main St, & 4772 Cemetery Rd",Sign variance - temporary signs,B-3 & R-2,06/11/2020,n/a
PZ-20-27,20-0510LR,050-003284,3913 - 3937 PARKSIDE CT,Parkside Village Apartments,Southeast corner of Scioto Darby Rd & Parkside Ct,Sign variance - ground sign,R-4,06/11/2020,n/a
PZ-20-28,20-0511LC,050-000110,3988 - 3996 MAIN ST,Ross Realtors,3988 Main St,Old Hilliard District Plan,OH-MD,07/09/2020,n/a
PZ-20-29,20-0512LC,050-002973,4279 CEMETERY RD,Sheetz,4279 Cemetery Rd,"Conditional use, Level ""B"" Site Plan & Sign variance",B-4,07/09/2020,n/a
PZ-20-31,20-0513LR,053-000020,,Heritage Preserve Section 4 Phase 1,Northwest corner of Davis Rd & Audubon Ave,Final Plat (25 lots),PUD (Heritage Preserve),07/09/2020,9/28/2020 (20-R-71)
PZ-20-30,20-0514LC,050-011428,4615 LIBRARY WY,Inn at Library Way,4615 Library Way,PUD Final Development Plan (80 rooms),PUD (Ansmil),Withdrawn 6/29/2020,n/a
PZ-20-32,20-0515LC,050-002838 050-0003349 050-000868,4100 COLUMBIA ST; MAIN ST; 4162 COLUMBIA ST,Franklin County Fairgrounds & Weaver Park,4100 Columbia Street,"Level ""A"" Site Plan",S-1,6/25/2020 by staff,n/a
PZ-20-33,20-0516LC,050-002895,3660 PARKWAY LN,The Blind Factory,3670 Parkway Ln,Sign variance - directional sign,M-1,Withdrawn 6/24/2020,n/a
PZ-20-34,20-0517LC,050-000174,4036 MAIN ST,Hilliard Station Baking Co.,4036 Main St,Exterior materials and colors,OH-MD,08/13/2020,n/a
PZ-20-35,20-0518LC,050-003009,3932 BROWN PARK DR,Westwood Fieldhouse,4400 Cemetery Rd,"Lot split, Level ""B""Site Plan & Conditional use",B-2,09/10/2020,n/a
PZ-20-36,20-0519LC,050-002905,2876 HILLIARD & ROME RD,Vessel Park PUD,2876 Hilliard Rome Rd,PUD Concept Plan (Rezoning),R-1,09/10/2020,10/26/2020 (Ord. 20-23)
PZ-20-37,20-0520LC PZ-20-37,050-000110,3988 - 3996 MAIN ST,Ross Realtors,3988 Main St,Sign variance - internal illumination for storefront interactive digital display,OH-MD,11/12/2020,n/a
PZ-20-38,20-0521LC PZ-20-38,050-000029,5266 CENTER ST,Hilliard Tire Center,5266 Center St,Exterior materials and colors,OH-RD,09/10/2020,n/a
PZ-20-39,20-0522LC PZ-20-39,050-000060,4131 MAIN ST,HillGarten (Nowak property),4131 Main St,Old Hilliard District Plan,OH-MD,10/08/2020,n/a
PZ-20-40,20-0523LC PZ-20-40,050-007277,3873 PARK MILL RUN DR,"Park Mill Partners, LLC property",3873 Park Mill Run Dr,PUD modification,PUD (Mill Run),10/08/2020,11/9/2020 (20-R-84)
PZ-20-41,20-0524LR PZ-20-41,050-000231,4070 COLUMBIA ST,Miller & Conti residence,4070 Columbia St,Old Hilliard District Plan,OH-MD,11/12/2020,n/a
PZ-20-42,20-0525LR PZ-20-42,050-010197,Not Found,Sarkel property,4734 River Run Dr,Lot split,PUD (River Landings),11/12/2020,n/a
PZ-20-43,20-0526LC PZ-20-43,050-003866,4756 NORTHWEST PW,Northwest Investment II LLC property,Northeast Corner of Northwest Pkwy & Weaver Court North,"Level ""B"" Site Plan",M-1,11/12/2020,n/a
PZ-20-44,20-0527LC PZ-20-44,n/a,,Zoning Code amendment Chapter 1113,n/a,"Zoning Code amendment to permit ""Data Centers"" in M-1 & M-2",n/a,11/12/2020,12/14/2020 (Ord. 20-36)
PZ-20-45,20-0528LC PZ-20-45,050-009383,3690 - 3720 LACON RD,Grandview Christian Assembly,3700 Lacon Rd,Conditional use - place of worship,M-1,11/12/2020,n/a
PZ-20-46,20-0529LC PZ-20-46,050-000100,5330 - 5334 CEMETERY RD,Leaping Learners Early Education Center,5330 Cemetery Rd,Sign variance - ground sign,B-1,11/12/2020,n/a
PZ-20-47,20-0530LC PZ-20-47,050-002838,4100 COLUMBIA ST,Franklin County Fairgrounds,4100 Columbia Street,Sign variance - internal illumination & excess sign area,S-1,12/10/2020,n/a
PZ-20-48,20-0531LC,050-011312,6500 SCIOTO DARBY RD,Scioto Darby C Store - Subarea 2 (Shell station),6558 Scioto Darby Rd,PUD Final Development Plan,PUD (The Square at Latham Park) (Campus at Alton Darby),12/10/2020,n/a
PZ-20-49,20-0532LC,050-011197,4678 COSGRAY RD,City of Hilliard,4678 Cosgray Rd,Lot split,PUD (Grener),12/10/2020,n/a
PZ-20-50,20-0533LC PZ-20-50,050-000181,5354 CENTER ST,Center Street Market,5354 Center St,Sign variance - wall signs,OH-MD,12/10/2020,n/a
,20-0534,VOID,,VOID,VOID,VOID,VOID,VOID,VOID
PZ-20-52,20-0535LC PZ-20-52,050-006381,3325 HILLIARD & ROME RD,Vesper Alliance LLC property,3325 Hilliard Rome Rd,PUD Final Development Plan modification,PUD (Heritage Lakes),01/14/2021,n/a
PZ-20-53,20-0536LC PZ-20-53,050-000178,5354 CEMETERY RD,Mighty iPhone Repair,5354 Cemetery Rd,Sign variance - sandwich board,B-1,Withdrawn,n/a
,21-0537,VOID,,VOID,VOID,VOID,VOID,VOID,VOID
PZ-21-17,21-0538LC PZ-21-17,050-000170,5435 FRANKLIN ST,The Junction by Westwood Ltd,5460 Franklin St,Vehicular access & outdoor seating,OH-MD,03/11/2021,n/a
PZ-21-18,21-0539LR PZ-21-18,050-000117,5208 NORWICH ST,Mason residence,5208 Norwich St,Old Hilliard District Plan,OH-RD,03/11/2021,n/a
PZ-21-19,21-0540LR PZ-21-19,050-000540,3596 - 3600 MAIN ST,Anaya Residences LLC,5420 Wakefield Dr & 3596 Main St,Lot split & rezoning to R-2,L-B-3,03/11/2021,4/26/2021 (Ord 21-12)
PZ-21-20,21-0541LC PZ-21-20,050-002905,2876 HILLIARD & ROME RD,Central Ohio Primary Care,2876 Hilliard Rome Rd,"PUD Final Development Plan, lot split & sign variance",PUD (Vessel Park),03/11/2021,n/a
PZ-21-21,21-0542LR PZ-21-21,050-000252 050-011731,LOGAN CT,Norwich Square,Northeast side of Norwich St approximately 200 feet northwest of Linda Rd,Exterior materials and colors & Final Plat,OH-RD,3/11/2021 (materials) 4/8/21 (final plat),4/26/2021 (21-R-32)
PZ-21-22,21-0543LC PZ-21-22,050-011714 050-011312,6558 SCIOTO DARBY RD; 6500 SCIOTO DARBY RD,Scioto Darby C Store - Subarea 2,6500-6594 Scioto Darby Rd (Subareas 2 & 3),PUD modification,PUD (The Square at Latham Park) (Campus at Alton Darby),03/11/2021,4/12/2021 (21-R-22)
PZ-21-23,21-0544LC PZ-21-23,050-010592,3775 - 3779 TRUEMAN CT,Matrix Pharmacy,3775 Trueman Ct (Soma Company PUD Subarea 3),PUD modification,PUD (Soma Company),Denied 4/8/2020,5/10/2021 (21-R-33)
PZ-21-24,21-0545LC,050-011430,4451 MAGNOLIA WAY EAST,Green Courte,Ansmil PUD Subarea E1 (Hickory Chase),Lot split,PUD (Ansmil),Withdrawn,n/a
PZ-21-25,21-0546LR PZ-21-25,053-000322 120-000335 053-000846,,Hill Farm properties,NW corner of Scioto Darby Rd & Elliott Rd,Rezoning to HCD (229 lots),R-R,05/13/2021,8/23/2021 (Ord. 21-20)
PZ-21-26,21-0547LR PZ-21-26,050-011719,5755 ARCADIAN AVE,The Courtyards at Carr Farms Phase 1,East side of Leppert Rd approximately 200 feet north of Davidson Rd,Final Plat & subdivision entry signage,PUD (Carr Farms),04/08/2021,4/26/2021 (21-R-31)
PZ-21-27,21-0548LC PZ-21-27,050-003400,4363 LYMAN DR,Ferguson Plumbing Supply,4363 Lyman Dr,"Level ""B"" site plan minor changes",B-4,04/08/2021,n/a
PZ-21-28,21-0549LC PZ-21-28,050-003266,4490 - 4514 CEMETERY RD,Mobility City,4506 Cemetery Rd,Sign variance,B-2,Denied 4/8/2020,n/a
PZ-21-1,PZ-21-1,050-011719,5755 ARCADIAN AVE,Hickory Chase LLC (Verena),"West side of Britton Pkwy approximatly 1,250 feet north of Anson Dr",Sign variance,PUD (Ansmil),05/13/2021,n/a
PZ-21-2,PZ-21-2,050-002973,4279 CEMETERY RD,Sheetz,4279 Cemetery Rd,Sign variance - temporary signs,B-4,05/13/2021,n/a
PZ-21-3,PZ-21-3,050-007614,3913 - 3931 BERRY LEAF LN,Vertava Health,3931 Berry Leaf Ln,Conditional use - medical office,B-3,Withdrawn,n/a
PZ-21-4,PZ-21-4,053-000020,,Heritage Preserve Section 4 Phase 2,"North side of Davis Rd approximatley 4,000 feet west of Alton Darby Rd",Final Plat,PUD (Heritage Preserve),05/13/2021,5/14/2021 (21-R-41)
PZ-21-5,PZ-21-5,050-000064,3933 COLUMBIA ST,Schwieterman residence,3933 Columbia St,Old Hilliard District Plan,OH-MD,05/13/2021,n/a
PZ-21-6,PZ-21-6,050-011428,4615 LIBRARY WY,Inn at Library Way,4605 Library Way,Sign variance - flagpole height,PUD (Ansmil),05/13/2021,n/a
PZ-21-7,PZ-21-7,050-003297,4401 LYMAN DR,SME,4401 Lyman Dr,Sign variance - number of colors,B-4,05/13/2021,n/a
PZ-21-8,PZ-21-8,050-001979,5551 SCIOTO DARBY RD,Hilliard United Methodist Church,5551 Scioto Darby Rd,"Sign variance - sign height, internal illumination, masonry base height, changeable copy area",B-3,06/10/2021,n/a
PZ-21-9,PZ-21-9,050-000147,5231 NORWICH ST,Mod Salon,5231 Norwich St,Old Hilliard District Plan,OH-RD,08/12/2021,n/a
PZ-21-10,PZ-21-10,050-000152,4030 MAIN ST,Sports on Tap,4030 Main St,Exterior colors & modification of parking requirements to reduce the minimum number of spaces,OH-MD,06/10/2021,n/a
PZ-21-11,PZ-21-11,050-006381,3325 HILLIARD & ROME RD,Advance Dentistry,3325 Hilliard Rome Rd,Sign variance - internal illumination,PUD (Heritage Lakes),Withdrawn,n/a
PZ-21-12,PZ-21-12,050-002824,4445 CEMETERY RD,Colorado Mountain Sports,4445 Cemetery Rd,"Lot split, Level ""B"" Site Plan & Sign variance",B-1,VOID (fee not paid),n/a
,PZ-21-13,050-009208 050-010489 050--1-537,4640 TRUEMAN BL; SCHIRTZINGER RD,Advanced Drainage Systems,4640 Trueman Blvd,Sign variance - ground sign & internal illumination,PUD (Soma) & B-3,Withdrawn,n/a
PZ-21-14,PZ-21-14,050-007274,3641 - 3681 FISHINGER BL,State Farm,3679 Fishinger Blvd,"Sign variance - sign area, distance from wall",PUD (Mill Run),06/10/2021,n/a
PZ-21-15,PZ-21-15,050-011715 050-011455 050-009807,4580 - 4640 COSGRAY RD,Amazon Data Center,4617 Leppert Rd,PUD Final Development Plan,PUD (Grener),08/12/2021,n/a
PZ-21-16,PZ-21-16,050-003266,4490 - 4514 CEMETERY RD,Mobility City,4506 Cemetery Rd,Sign variance - sign area,B-2,06/10/2021,n/a
PZ-21-17,PZ-21-17,(see 21-0538LC),,,,,,,
PZ-21-18,PZ-21-18,(see 21-0539LR),,,,,,,
PZ-21-19,PZ-21-19,(see 21-0540LR),,,,,,,
PZ-21-20,PZ-21-20,(see 21-0541LC),,,,,,,
PZ-21-21,PZ-21-21,(see 21-0542LR),,,,,,,
PZ-21-22,PZ-21-22,(see 21-0543LC),,,,,,,
PZ-21-23,PZ-21-23,(see 21-0544LC),,,,,,,
PZ-21-24,PZ-21-24,(see 21-0545LC),,,,,,,
PZ-21-25,PZ-21-25,(see 21-0546LR),,,,,,,
PZ-21-26,PZ-21-26,(see 21-0547LR),,,,,,,
PZ-21-27,PZ-21-27,(see 21-0548LC),,,,,,,
PZ-21-28,PZ-21-28,(see 21-0549LC),,,,,,,
PZ-21-29,PZ-21-29,050-002824,4445 CEMETERY RD,Colorado Mountain Sports,4445 Cemetery Rd,Sign variance - setback,B-1,08/12/2021,n/a
PZ-21-30,PZ-21-30,050-011124,4635 TRUEMAN BL,Willis Spangler Starling,4469 Trueman Blvd,Sign variance - window signage,B-3,08/12/2021,n/a
PZ-21-31,PZ-21-31,050-003023,5164 NORTHWEST PW,Norwich Township storage building,5164 Northwest Pkwy,Sign variance - directional sign,R-2,08/12/2021,n/a
,PZ-21-32,050-003204,3850 LYMAN DR,Tim Hortons,3850 Lyman Dr,Sign variance - setback,B-4,Withdrawn,n/a
PZ-21-33,PZ-21-33,050-008252,Not Found,Carr Farms (Epcon),East side of Leppert Rd approximately 200 feet north of Davidson Rd,PUD modification (243 dwelling units),PUD (Carr Farms),09/09/2021,10/11/2021 (21-R-62)
PZ-21-34,PZ-21-34,050-007274,3641 - 3681 FISHINGER BL,Med+ Testing Center,3681 Fishinger Blvd,Sign variance - wall sign,PUD (Mill Run),09/09/2021,n/a
PZ-21-35,PZ-21-35,050-000246,5160 NORWICH ST,Lutz residence,5160 Norwich St,Old Hilliard District Plan,OH-RD,09/09/2021,n/a
PZ-21-36,PZ-21-36,050-011176,4051 BRITTON PW 2,Giant Eagle & Get Go,Southwest corner of All Seasons Dr & Britton Pkwy,Sign variance - ground sign,PUD (First Industrial LP property),09/09/2021,n/a
PZ-21-37,PZ-21-37,050-003191,3919 PARKWAY LN,Bailey property,3919 Parkway Ln,Trash receptacle enclosure relocation,B-4,09/09/2021,n/a
PZ-21-38,PZ-21-38,050-001315,3800 MUNICIPAL WY,Zoning Code Amendment Part Eleven,n/a,"Zoning Code amendment - fence, recreational vehicle storage, permitted uses",n/a,10/14/2021,11/8/2021 (Ord. 21-33)
PZ-21-39,PZ-21-39,050-007238,3799 PARK MILL RUN DR,"Jackson Real Estate & Development, LLC",3799 Park Mill Run Dr,PUD modification - medical marijuana,PUD (Mill Run),10/14/2021,Denied 11/8/2021 (21-R-71)
PZ-21-40,PZ-21-40,050-011713,4680 LIBRARY WY,Trilogy Health Services,4680 Library Way,Sign variance - ground sign,PUD (Ansmil),10/14/2021,n/a
PZ-21-41,PZ-21-41,050-010846,Not Found,Alton Darby Elementary School,2730 Alton Darby Rd,"Level ""A"" Site Plan",S-1,09/23/2021,n/a
PZ-21-42,PZ-21-42,050-011176,4051 BRITTON PW 2,Get Go,4051 Britton Pkwy,Sign variance - ground sign,PUD (First Industrial LP property),10/14/2021,n/a
PZ-21-43,PZ-21-43,050-003178,3959 - 3959 PARKWAY LN,Buckeye Collision,3949 Parkway Ln,"Conditional use & Level ""B"" Site Plan",B-4,10/14/2021,n/a
PZ-21-44,PZ-21-44,050-000358,4140 WINTERRINGER ST,White property,4140 Winterringer St,Lot split,R-2,10/14/2021,n/a
PZ-21-45,PZ-21-45,050-011124,4635 TRUEMAN BL,Waters Edge Event Center,4635 Trueman Blvd,Conditional use & sign variance,B-3,10/14/2021,n/a
PZ-21-46,PZ-21-46,050-000145 050-000021,4103 WAYNE ST,Gutnecht property,4107 Wayne St,Lot split,R-2,10/14/2021,n/a
PZ-21-47,PZ-21-47,050-011722 050-011721,HICKORY CHASE WY,Verena at Hilliard,4510 Hickory Chase Way,Sign variance - directional & temporary signs,PUD (Ansmil),10/14/2021,n/a
PZ-21-48,PZ-21-48,050-010786,3240 ALTON DARBY CREEK RD,Sturgill property,3240 Alton Darby Road,Lot split,R-R,11/10/2021,n/a
PZ-21-49,PZ-21-49,050-000200,5271 NORWICH ST,Norwich Street LLC property,5271 Norwich St,Old Hilliard District Plan - siding,OH-MD,12/09/2021,n/a
PZ-21-50,PZ-21-50,050-003009,3932 BROWN PARK DR,Westwood Fieldhouse,3932 Brown Park Dr,Sign variance,B-2,12/09/2021,n/a
PZ-21-51,PZ-21-51,050-002973,4279 CEMETERY RD,Sheetz,4279 Cemetery Rd,Sign variance,B-4,Denied 1/13/22,n/a
PZ-21-52,PZ-21-52,n/a,,Zoning Code Amendment Part Eleven,n/a,Zoning Code amendment - B-4 business district uses & conditional use standards,n/a,12/09/2021,1/10/2022 (Ord. 21-44)
PZ-21-53,PZ-21-53,050-000367,3817 MAIN ST,Donatos,3817 Main St,Sign variance,B-1,01/13/2022,n/a
,PZ-21-54,050-003176,4050 BRITTON PW,PetSuites,Southeast corner of All Seasons Dr & Britton Parkway,"Lot split, conditional use, PUD final development plan",PUD (Innsight Hospitality),Withdrawn 2/2/22,n/a
PZ-22-1,PZ-22-1,050-011719,5755 ARCADIAN AVE,The Courtyards at Carr Farms Section 5,4852 Leppert Rd,Final Plat,PUD (Carr Farms),02/10/2022,2/28/2022 (22-R-13) & (22-R-10)
PZ-22-2,PZ-22-2,053-000615 053-000616,,Alton Place Section 1 Phase 1,"North side of Roberts Rd approximately 2,000 feet west of Alton Darby Rd",Final Plat & HCD modification (69 lots),HCD (Alton Place),02/10/2022,2/28/2022 (22-R-11)
PZ-22-3,PZ-22-3,050-000044,3987 MAIN ST,Legacy Smokehouse,3987 Main St,Old Hilliard District Plan & conditional use,OH-MD,02/10/2022,n/a
PZ-22-4,PZ-22-4,053-000322,,Hill Farm HCD,Northwest corner of Scioto Darby Rd & Elliott Rd,Lot split,HCD (Hill Farm),02/10/2022,n/a
PZ-22-5,PZ-22-5,050-000085,4010 COLUMBIA ST,Tidd Funeral Home,4010 Columbia St,Old Hilliard District Plan,OH-MD,03/10/2022,n/a
PZ-22-6,PZ-22-6,050-002579,4896 SCIOTO DARBY RD,L & A Auto Group,4896 Scioto Darby Rd,Conditional use - auto repair & auto sales,B-2,04/14/2022,5/9/2022 (22-R-39)
PZ-22-7,PZ-22-7,053-000256,,Tarlton Meadows West Section 4 Phase 1,,Final Plat (23 lots),PUD (Tarlton Meadows),03/10/2022,3/28/2022 (22-R-21)
PZ-22-8,PZ-22-8,050-002839,3669 LEAP RD,Hilliard Church of the Nazarene,3669 Leap Rd,Sign variance - internal illumination,R-2,03/10/2022,n/a
PZ-22-9,PZ-22-9,050-011719,5755 ARCADIAN AVE,The Courtyards at Carr Farms Section 2,4852 Leppert Rd,Final Plat (50 lots),PUD (Carr Farms),03/10/2022,3/28/2022 (22-R-22)
PZ-22-10,PZ-22-10,050-011719,5755 ARCADIAN AVE,The Courtyards at Carr Farms Section 3,4852 Leppert Rd,Final Plat (42 lots),PUD (Carr Farms),03/10/2022,3/28/2022 (22-R-23)
,PZ-22-11,050-000153,4095 MAIN ST,4095 Main Street LLC (Chelsea Setterlin Kimes) property,4095 Main St,Old Hilliard District Plan & conditional use (dwellings on upper floors),OH-MD,Withdrawn 3/29/22,n/a
PZ-22-12,PZ-22-12,050-000136,4142 - 4144 MAIN ST,Sunoco,4144 Main St,Sign variance - internal illumination (gas prices),OH-MD,04/14/2022,n/a
PZ-22-13,PZ-22-13,050-007277,3873 PARK MILL RUN DR,Sherwin Williams,3873 Park Mill Run Dr,"Sign variance - ground sign setback, additional wall sign",PUD (Mill Run),04/14/2022,n/a
PZ-22-14,PZ-22-14,050-011019 050-011018,GLADE RUN RD,Anderson Meadows PUD,6248 Roberts Rd,Final Plat amendment,PUD (Anderson Meadows),05/09/2022,6/27/2022 (22-R-50)
PZ-22-15,PZ-22-15,050-011019 050-011018,GLADE RUN RD,Anderson Meadows PUD,6248 Roberts Rd,PUD modification - Subareas C1 and C2,PUD (Anderson Meadows),05/09/2022,6/27/2022 (22-R-49)
PZ-22-16,PZ-22-16,050-011722,Not Found,Hickory Chase Titleholder LLC property (Verena),4522 Hickory Chase Way,PUD modification - Subarea E1,PUD (Ansmil),04/14/2022,4/25/2022 (22-R-36)
PZ-22-17,PZ-22-17,050-008252,Not Found,The Courtyards at Carr Farms Section 6,4852 Leppert Rd,Final Plat (31 lots),PUD (Carr Farms),04/14/2022,5/9/2022 (22-R-40)
PZ-22-18,PZ-22-18,n/a,,Zoning Code Amendment Part Eleven,n/a,Zoning Code Amendment - Air Bnb uses in OH-MD & OH-RD,n/a,05/09/2022,7/11/2022 (Ord. 22-18)
,PZ-22-19,VOID,,VOID,VOID,VOID,VOID,VOID,VOID
PZ-22-20,PZ-22-20,050-007274,3641 - 3681 FISHINGER BL,Altus Direct Health,3681 Fishinger Blvd,Sign variance - temporary sign,PUD (Mill Run),05/09/2022,n/a
PZ-22-21,PZ-22-21,053-000616 053-000615 053-000006,,Alton Place,Northwest corner of Roberts Rd & Alton Darby Rd,Sign variance - subdivision development signs,HCD (Alton Place),04/14/2022,n/a
,PZ-22-22,VOID,,VOID,VOID,VOID,VOID,VOID,VOID
,PZ-22-23,050-005985 050-004021,4324 REYNOLDS DR; 4282 REYNOLDS DR,Vanner Inc. property J. Fred Schmidt Parking Co.,4324 Reynolds Dr 4282 Reynolds Dr,"Lot split & Level ""B"" Site Plan",L-M-1,Withdrawn 4/29/2022,n/a
PZ-22-24,PZ-22-24,050-003336 050-002806 050-003210 050-002427 050-002299 050-002301,4120 SCIOTO DARBY CRK,Amazon Data Center,4120 Scioto Darby Rd,"Level ""B"" Site Plan",M-1,Withdrawn 5/11/2022,n/a
,PZ-22-25,VOID,,VOID,VOID,VOID,VOID,VOID,VOID
PZ-22-26,PZ-22-26,050-011455,4580 - 4640 COSGRAY RD,Amazon Data Center,4600 Cosgray Rd,Lot split,PUD (Grener),06/13/2022,n/a
PZ-22-27,PZ-22-27,050-001315,3800 MUNICIPAL WY,Zoning Code Amendment Part Eleven,3800 Municipal Way,Code Amendment - Chickens & Bees,n/a,07/14/2022,9/12/2022 (Ord. 22-27)
PZ-22-28,PZ-22-28,050-001323,5054 - 5068 CEMETERY RD,CMN Quinlan LLC c/o Azeemullah Raghbat,Hilliard Plaza 5054-5068 Cemetery Rd,"Level ""B"" site plan minor changes Food Truck",B-1,06/13/2022,n/a
,PZ-22-29,,,,,,,,
,PZ-22-30,VOID,,VOID,VOID,VOID,VOID,VOID,VOID
PZ-22-31,PZ-22-31,050-003211,4199 PARKWAY LN,Chase Bank,4199 Parkway Ln,"Lot split & Level ""B"" Site Plan",B-4,07/14/2022,n/a
PZ-22-32,PZ-22-32,050-003043 050-010984,4530 GENEROSITY WY,Truepointe Development,4525 Trueman Blvd,PUD modification,PUD (Soma Company),07/14/2022,8/11/22 (22-R-58)
PZ-22-33,PZ-22-33,050-003210 050-002427 050-002299 050-002301 050-002806 050-003336,4120 SCIOTO DARBY CRK,Amazon Data Center,4120 Scioto Darby Rd,"Level ""B"" Site Plan",M-1,07/14/2022,n/a
,PZ-22-34,050-003206,4595 TRUEMAN BL,Nicolette Family Dental,4611 Trueman Blvd Suite 100,Sign variance - wall sign,PUD (Soma Company),Withdrawn,n/a
,PZ-22-35,050-001668,3602 WESTBROOK DR,Burkitt residence,3602 Westbrook Dr,Lot splt,R-2 & R-3,,n/a
PZ-22-36,PZ-22-36,050-000175,4010 MAIN ST,JC & Company,4010 Main St,Old Hilliard District Plan,OH-MD,07/14/2022,n/a
PZ-22-37,PZ-22-37,050-000188 050-000084,4055 MAIN ST,Old Hilliard LTD properties,4055 Main St,Awning changes,OH-MD,07/14/2022,n/a
PZ-22-38,PZ-22-38,050-000361,5286 CENTER ST,Off Center Patio & Pub,5286 Center St,Sign variance - ground sign,OH-RD,08/11/2022,n/a
PZ-22-39,PZ-22-39,050-011171,4051 BRITTON PW,Giant Eagle shopping center,3911-3959 Britton Pkwy,Sign variance - ground sign,PUD (First Industrial LP property),08/11/2022,n/a
PZ-22-40,PZ-22-40,050-000100,5330 - 5334 CEMETERY RD,Blank Dental Group,5330 Cemetery Rd,"Level ""B"" Site Plan",B-1,08/11/2022,n/a
PZ-22-41,PZ-22-41,050-008256,4674 BRITTON PW,ADS (Advanced Drainage Systems) R&D,South and west sides of Lyman Drive approximatley 120 feet south of Davidson Rd (Ansmil PUD Sub Area C2),PUD Modification,PUD (Ansmil),08/11/2022,9/12/2022 (22-R-69)
PZ-22-42,PZ-22-42,050-006545,4949 EDWARDS FARMS RD,Oppidan,4196 Davidson Rd,"Level ""B"" Site Plan",B-3,Denied 8/11/22 Reconsider on 9/8/22,n/a
PZ-22-43,PZ-22-43,050-002824,4445 CEMETERY RD,Colorado Mountain Sports,4445 Cemetery Rd,"Rezoning from B-1 to PUD; PUD modification to add property to existing PUD & revise development standards; PUD Final Development Plan modification for a 3,240-sq-ft building addition",B-1 & PUD (Cemetery Road Properties Located Between Leap & Lacon Roads),8/11/2022 (Rezoning & PUD modification),9/12/2022 (Ord. 22-31) 9/28/2022 (22-R-97)
PZ-22-44,PZ-22-44,050-011436,4460 MOUNTAIN LAUREL DR 1,The Greyson,4460 Mountain Laurel Dr,PUD Final Development Plan modification,PUD (Ansmil),08/11/2022,n/a
,PZ-22-45,VOID,,VOID,VOID,VOID,VOID,VOID,VOID
PZ-22-46,PZ-22-46,050-011534,4621 LYMAN DR,Converge Technologies & City of Hilliard,4621 Lyman Dr,Sign variance - wall signs,B-4,08/11/2022,n/a
,PLAT-22-2,050-000322,4215 AVERY RD,Hill Farm Section 1 Part 1,7100 Scioto Darby Rd,Final Plat ( lots),PUD (Hill Farm),09/08/2022,9/26/2022 (22-R-79)
,PLAT-22-3,050-000322,4215 AVERY RD,Hill Farm Section 1 Part 2,7100 Scioto Darby Rd,Final Plat ( lots),PUD (Hill Farm),09/08/2022,9/26/2022 (22-R-80)
,PLAT-22-4,050-000322,4215 AVERY RD,Hill Farm Section 1 Part 3,7100 Scioto Darby Rd,Final Plat ( lots),PUD (Hill Farm),09/08/2022,9/26/2022 (22-R-81)
PZ-22-47,PZ-22-47,050-000283,3854 - 3870 MAIN ST,Smokey Zone 1,3854 Main St,Conditional use - retail,B-1,Denied 9/8/2022,Denied 10/24/2022 (22-R-84)
PZ-22-48,PZ-22-48,050-011790,4702 COSGRAY RD,"Donnell, Caldwell & Alexander property",4702 Cosgray Rd,Rezoning to PUD,R-R,09/08/2022,10/10/22 (Ord. 22-34)
PZ-22-49,PZ-22-49,050-011171,4051 BRITTON PW,Giant Eagle,4001 Britton Pkwy,Seasonal outdoor display,PUD (First Industrial LP property),09/08/2022,n/a
PZ-22-50,PZ-22-50,050-011171,4051 BRITTON PW,Giant Eagle,4001 Britton Pkwy,Sign variance - additional wall sign,PUD (First Industrial LP property),09/08/2022,n/a
PZ-22-51,PZ-22-51,050-000064,3933 COLUMBIA ST,Property Recovery Solutions property (Shaun Lane),3933 Columbia St,Old Hilliard District Plan - new single-family dwelling,OH-MD,09/08/2022,n/a
PZ-22-52,PZ-22-52,0510-009928,,Target,4211 Trueman Blvd,Sign variance - additional wall sign,PUD (Soma Company),Withdrawn,n/a
PZ-22-53,PZ-22-53,050-000170,5435 FRANKLIN ST,The One9 Golf Lounge,5460 Franklin St,Conditional use - commercial recreational facilities,OH-MD,09/08/2022,9/26/2022 (22-R-78)
PZ-22-54,PZ-22-54,050-011714,6558 SCIOTO DARBY RD,Hilliard Grab 'N Go KL Petroleum Partners LLC,6558 Scioto Darby Rd,"Sign variance - wall signs, canopy signs, gas pump signs",PUD (The Square at Latham Park),10/13/2022,n/a
PZ-22-55,PZ-22-55,n/a,,City of Hilliard,3800 Municipal Way,Code Amendment - swimming pools,n/a,09/08/2022,10/10/22 (Ord. 22-35)
PZ-22-56,PZ-22-56,050-000171 050-000170,5435 FRANKLIN ST,Westwood Collective winery & outdoor event venue,4071 Grant St,Old Hilliard District Parking variance,OH-MD,10/13/2022,n/a
PZ-22-57,PZ-22-57,050-007350,3861 PARK MILL RUN,Mill Run Event Center,3861 Park Mill Run Dr,PUD modification - event center,PUD (Mill Run),10/13/2022,11/14/2022 (22-R-91)
PZ-22-58,PZ-22-58,050-004916,Not Found,Burdge property,3809 Cemetery Rd,PUD final develolpment plan - landscape plan,PUD (Mill Run),10/13/2022,11/14/2022 (22-R-92)
PZ-22-59,PZ-22-59,050-005422,3311 - 3315 MILL MEADOW DR,The Lincoln Center for Family and Youth,3311 Mill Meadow Dr,PUD modification & PUD final development plan,PUD (Mill Run),Withdrawn 12/27/2022,n/a
,PLAT-22-8,050-003043,4530 GENEROSITY WY,Truepointe,4525 Trueman Blvd,Final Plat (11 lots),PUD (Soma Company),,n/a
,PLAT-22-9,050-011719,5755 ARCADIAN AVE,The Courtyards at Carr Farms Section 4,"East side of Leppert Rd approximately 2,000 feet north of Davidson Rd",Final Plat (38 lots),PUD (Carr Farms),11/10/2022,9/28/2022 (22-R-96)
PZ-22-60,PZ-22-60,050-002808,3509 - 3511 MAIN ST,Voyles Family Dental,3511 Main St,Sign variance - setback & height,B-2,11/10/2022,n/a
PZ-22-61,PZ-22-61,050-009383,3690 - 3720 LACON RD,"Dyenomite, Ares, et al",3700-3720 Lacon Rd,Sign variance - height & area,M-1,11/10/2022,n/a
PZ-22-62,PZ-22-62,050-002800 050-003002 050-002343,5032 SCIOTO DARBY RD; 5000 SCIOTO DARBY RD; 4990 SCIOTO DARBY RD,Miller Pipeline,5000 Scioto Darby Rd,Sign variance - setback,B-2,12/08/2022,n/a
PZ-22-63,PZ-22-63,050-006467,3401 MILL RUN DR,Eco Park (Entrotech property),3401 Mill Run Dr,PUD Final Development Plan,PUD (Mill Run),11/10/2022,n/a
PZ-22-64,PZ-22-64,050-003043,4530 GENEROSITY WY,Truepointe,"West side of Trueman Blvd approximately 1,500 feet south of Davidson Rd","PUD Final Development Plan (359 dwelling units, 2 parking garageswith 1,324 total spaces, 114,000 sf office building)",PUD (Soma Company),11/10/2022 [North Garage screen/signs 4/11/24]; [SouthGarage screen/signs 7/11/2024],n/a
PZ-22-65,PZ-22-65,050-000950,4227 AVERY RD,The Paint Shop Nail Studio,4227 Avery Rd Suite A,Sign variance - colors,B-1,11/10/2022,n/a
PZ-22-66,PZ-22-66,050-000188 050-000084,4055 MAIN ST,Shoppes by Westwood,4055 Main St,"Sign variance - wall signs, projecting signs & A-frame signs",OH-MD,12/08/2022,n/a
PZ-22-67,PZ-22-67,050-000512 050-000761 050-000762 050-000763 050-000764,3576 HEYWOOD DR; 4334 ALDER DR; 4330 ALDER DR; 4322 ALDER DR; 4310 ALDER DR,Hilliard Recreation & Wellness Center PUD Concept Plan,South side of Scioto Darby Rd & East side of Alton Darby Rd,PUD Concept Plan (Rezoning),PUD (Hilliard Recreation & Wellness Center) formerly Alton Commons plan,01/12/2023,2/13/2023 (23-R-06)
PZ-22-68,PZ-22-68,050-000321,5190 NORWICH ST,Kimes residence,5190 Norwich St,Old Hilliard District Plan - building addition,OH-RD,12/08/2022,n/a
PZ-22-69,PZ-22-69,050-011708,MEADOWSVIEW LN,Tarlton Meadows Reserve Landscape Plan,West side of Meadowsview Ln,Landscape Plan for reserve,PUD (Tarlton Meadows),04/13/2023,n/a
PZ-22-70,PZ-22-70,050-007274,3641 - 3681 FISHINGER BL,First Merchants Bank ATM,3649 Fishinger Blvd,PUD Final Development Plan,PUD (Mill Run),01/12/2023,n/a
PZ-22-71,PZ-22-71,050-007563,3880 BROWN PARK DR,Moo Moo Express Car Wash,3880 Brown Park Dr,"Sign variance - wall signs, internal illumination (directional signs & menu signs), colors",B-2,01/12/2023,n/a
PZ-22-72,PZ-22-72,050-002994,4402 WEAVER CT NORTH,Granite Inliner,4350 Weaver Court North,Lot split/deed transfer,M-1,01/12/2023,n/a
PZ-22-73,PZ-22-73,050-011430,4451 MAGNOLIA WAY EAST,Greenwich Investors LLC property,1 Hickory Chase Way (southeast portion of Ansmil PUD Subarea E1),PUD modification,PUD (Ansmil),02/09/2023,2/27/2023 (23-R-13)
PZ-23-1,PZ-23-1,050-002367,3363 LEAP RD,3C Technology Soutions property,3363 Leap Rd,Lot split/deed transfer,R-2,02/09/2023,n/a
PZ-23-2,PZ-23-2,050-007274,3641 - 3681 FISHINGER BL,Aquarium Adventure,3649 Fishinger Blvd,Sign variance - window signage,PUD (Mill Run),04/13/2023,n/a
PZ-23-3,PZ-23-3,050-004914,3810 LACON RD,Star Columbus Transportation,3810 Lacon Rd,"Conditional use - truck repair & Level ""B"" Site Plan",M-1,06/08/2023,6/26/2023 (23-R-51)
PZ-23-4,PZ-23-4,n/a,,Hilliard Comprehensive Plan,n/a,Comprehensive Plan Adoption,n/a,03/09/2023,4/24/2023 (23-R-28)
PZ-23-5,P'Z-23-5,050-010603,5408 EAST VUE DR,Upper Vue Flats,5408 Vue Pointe Dr,Sign variance - Comprehensive signage plan - ground signs and directional signs,PUD (Britton Central),03/09/2023,n/a
PZ-23-6,PZ-23-6,050-003180,5075 BRITTON RD,Little Learners Prep Academy,5075 Britton Pkwy,Sign variance - nonconforming ground sign,PUD (Britton Farms),Withdrawn,n/a
PZ-23-7,PZ-23-7,050-000136,4142 - 4144 MAIN ST,DiCarlo's Pizza,4142 Main St,Sign variance - colors,OH-MD,VOID - Sign meets Code,n/a
PZ-23-8,PZ-23-8,050-002969,3201 HILLIARD & ROME RD,Marrakesh Market,3193 Hilliard Rome Rd,Sign variance - window signage,B-2,05/08/2023,n/a
,PLAT-23-3,050-011790,4702 COSGRAY RD,Parkview Reserve,4702 Cosgray Rd,Final Plat (3 lots),PUD (Parkview Reserve),VOID,VOID
PZ-23-9,PZ-23-9,050-000363,3975 - 3975 MAIN ST,Local Cantina,3975 Main St,Old Hilliard District Plan,OH-MD,04/13/2023,n/a
PZ-23-10,PZ-23-10,050-002994,4402 WEAVER CT NORTH,Weaver Flex Park,4350 Weaver Ct North,"Level ""B"" Site Plan",M-1,04/13/2023,n/a
PZ-23-11,PZ-23-11,050-000170 050-000171 050-000343,5435 FRANKLIN ST,The Westwood Collective Winery,4071 Grant St (5435 Franklin St),"Old Hilliard District Plan, conditional use - winery",OH-MD,04/13/2023,5/8/2023 (23-R-34)
PZ-23-12,PZ-23-12,050-000188,4055 MAIN ST,Old Hilliard Mercantile,5303 Norwich (4055 Main St),Conditional use - indoor commercial recreation,OH-MD,04/13/2023,5/8/2023 (23-R-33)
PZ-23-13,PZ-23-13,050-011790,4702 COSGRAY RD,Parkview Reserve,4702 Cosgray Rd,Lot split/deed transfer/Final Development Plan (4 lots),PUD (Parkview Reserve),04/13/2023,n/a
PZ-23-14,PZ-23-14,050-002812 050-002862,3637 LACON RD; 4510 EDGEWYN AVE,3637 Lac Property LLC property,3637 Lacon Rd,Conditional use - outdoor storage,M-1,05/11/2023,5/22/2023 (23-R-41)
PZ-23-15,PZ-23-15,050-010512 050-010761 050-010763 050-010764,3993 COSGRAY RD; 3680 COSGRAY RD,Hilliard Recreation & Wellness Campus athletic fields,6287 Cosgray Road,Conditional use - athletic fields,PUD (Hilliard Recreation & Wellness Center),05/11/2023,5/22/2023 (23-R-40)
PZ-23-16,PZ-23-16,050-002266,4000 PARKWAY LN,Dunlap Holdings LLC property (Resolute Lacrosse),4000 Parkway Ln,Conditional use - indoor commercial recreation,B-4,05/11/2023,5/22/2023 (23-R-42)
PZ-23-17,PZ-23-17,050-011463 050-011462,5224 - 5260 FRANKLIN ST; 5263 FRANKLIN ST,Landmark Lofts,5228 Cemetery Rd,Site lighting plan and landscape plan revisions,PUD (Landmark Lofts),05/11/2023,n/a
PZ-23-18,PZ-23-18,050-007563,3880 BROWN PARK DR,Moo Moo Express Car Wash,3880 Brown Park Dr,"Sign variance - wall signs, directional signs, drive thru signs",B-2,06/08/2023,n/a
PZ-23-19,PZ-23-19,050-008256,4674 BRITTON PW,ADS (Advanced Drainage Systems),4381 Davidson Rd (Raindrop Way),PUD modification - screening and fencing,PUD (Ansmil),06/08/2023,6/26/2023 (23-R-50)
PZ-23-20,PZ-23-20,050-000136,4142 - 4144 MAIN ST,Sunoco gas station,4144 Main St,Other application - parking lot curbing,OH-MD,06/08/2023,n/a
PZ-23-21,PZ-23-21,053-000276,,Tarlton Meadows West Section 2 Phase 2A,6457 Orangeberry Rd,Final Plat (21 lots),PUD (Tarlton Meadows),07/13/2023,8/28/2023 (23-R-61)
PZ-23-22,PZ-23-22,050-007618,3399 MILL RUN DR,Mill Run Care Center,3399 Mill Run Dr,"PUD Final Development Plan modification (7,165 sf addition)",PUD (Mill Run),07/13/2023,n/a
PZ-23-23,PZ-23-23,050-004025,Not Found,Reynolds Investment Properties LLC property,4400 Reynolds Dr,"Level ""B"" Site Plan",L-M-1,07/13/2023,n/a
PZ-23-24,PZ-23-24,050-002871,4731 - 4751 NORTHWEST PW,Hilliard Christian Assembly,4751 Northwest Pkwy,Conditional use - place of worship,M-1,VOID,VOID
PZ-23-25,PZ-23-25,053-000006 053-000616,,Alton Place Section 1 Phase 2,Northeast corner of Bridgeview Trace & Sycamore Trace & northwest corner of Lakeside Pl & Sycamore Trace,Final Plat (7 lots),HCD (Alton Place),07/13/2023,8/28/2023 (23-R-62)
PZ-23-26,PZ-23-26,053-000716,,Hill Farm Section 4,West side of Elliott Rd approximately 900 feet north of Scioto Darby Rd,Final Plat (30 lots),HCD (Hill Farm),08/10/2023,8/28/2023 (23-R-63)
PZ-23-27,PZ-23-27,053-000322 053-000716,,Hill Farm Section 3 Phase 2,"Approximately 700 feet north of Scioto Darby Rd & 1,200 feet west of Elliott Rd",Final Plat (41 lots),HCD (Hill Farm),08/10/2023,8/28/2023 (23-R-64)
PZ-23-28,PZ-23-28,050-004001,3906 - 3914 BROWN PARK RD,Educational Apparel,3914 Brown Park Dr,Sign variance - ground sign,B-2,08/10/2023,n/a
PZ-23-29,PZ-23-29,n/a,,Zoning Code Amendment,n/a,Zoning Code amendment - Hilliard Conservation District,n/a,08/10/2023,10/23/2023 (Ord. 23-17)
PZ-23-30,PZ-23-30,050-000191 050-000109,3840 MAIN ST; 3860 MAIN ST,Urgent Care,5840 Main St,Sign variance - wall sign,B-1,08/10/2023,n/a
PZ-23-31,PZ-23-31,050-001326,3670 LACON RD,Eramo & Sons,3670 Lacon Rd,Conditional use - outdoor storage,M-1,09/14/2023,10/9/2023 (23-R-82)
PZ-23-32,PZ-23-32,City of Hilliard,,Short-term rental update - Zoning Code amendment,n/a,Short term rental update (Ord. 22-18),n/a,08/10/2023,7/11/2022 (Ord. 22-18)
PZ-23-33,PZ-23-33,050-007239,3665 PARKMILL RUN DR,Dave & Buster's,3665 Park Mill Run Dr,Sign variance - wall signs,PUD (Mill Run),09/14/2023,n/a
PZ-23-34,PZ-23-34,050-003176,4050 BRITTON PW,MedVet,3176 All Seasons Dr,PUD Final Development Plan & Sign variance,PUD (Innsight Hospitality),09/14/2023,n/a
PZ-23-35,PZ-23-35,050-011430,4451 MAGNOLIA WAY EAST,Hickory Chase Homestead Development,Ansmil PUD Subarea E1 (Hickory Chase),PUD Final Development Plan (288 apts),PUD (Ansmil),10/12/2023,n/a
PZ-23-36,PZ-23-36,050-003299,4555 LYMAN DR,Foresee Power,4555 Lyman Dr,Sign variance - wall sign & internal illumination,B-4,09/14/2023,n/a
PZ-23-37,PZ-23-37,050-011714,6558 SCIOTO DARBY RD,KL Petroleum Inc. (Hilliard Grab 'n Go),6558 Scioto Darby Rd,Landscape Plan modification,PUD (Square at Latham Park),10/12/2023,n/a
PZ-23-38,PZ-23-38,050-002992,4389 - 4445 N WEAVER CT,Igoe property,4411 Weaver Ct North,"Level ""A"" Site Plan",M-1,11/01/2023,n/a
PZ-23-39,PZ-23-39,050-009383,3690 - 3720 LACON RD,Leibrand Brown Campbell LTD property,3700 Lacon Rd,Conditional use - outdoor storage,M-1,10/12/2023,11/13/2023 (23-R-93)
PZ-23-40,PZ-23-40,City of Hilliard,,Backyard bees & chickens update - Zoning Code amendment,n/a,Backyard bees & chickens (Ord. 22-27),n/a,10/12/2023,11/13/2023 (Ord. 22-27)
PZ-23-41,PZ-23-41,050-002859,3690 LACON RD,GTS Real Estate Venture LLC property (Trueline Logistics),3690 Lacon Rd,Conditional use - outdoor storage,M-1,06/12/2025,7/14/2025 (25-R-57)
PZ-23-42,PZ-23-42,050-011461,4510 HICKORY CHASE WY,Hickory Chase Titleholder LLC property (Verena),4656 Buckeye Ave North,Sign variance,PUD (Ansmil),11/09/2023,n/a
PZ-23-43,PZ-23-43,050-008257,Not Found,Leap Road townhouses (Townhomes at Hilliard),4655 Leap Rd,PUD modificatin & PUD Final Development Plan,PUD (Ansmil),12/14/2023,2/12//24 (24-R-10)
PZ-23-44,PZ-23-44,050-006545,4949 EDWARDS FARMS RD,CLOP Hilliard OH LLC property,4861 Edwards Farms Rd,"Level ""B"" Site Plan",B-3,11/09/2023,n/a
PZ-23-45,PZ-23-45,050-002806,4120 SCIOTO DARBY CRK,Amazon Data Center / AEP substation,4180 Scioto Darby Rd,Lot split,M-1,11/09/2023,n/a
PZ-23-46,PZ-23-46,VOID,,VOID,VOID,VOID,VOID,VOID,VOID
PZ-23-47,PZ-23-47,050-007350,3861 PARK MILL RUN,Moon Pizza food trailer,3861 Park Mill Run Dr,Site plan modification for a permanent food trailer,PUD (Mill Run),12/14/2023,n/a
PZ-23-48,PZ-23-48,050-004798,5522 N CENTER ST,9 Trees,5522 Center St Suite A,Other application - Exterior building materials,OH-RD,12/14/2023,n/a
PZ-23-49,PZ-23-49,050-003206,4595 TRUEMAN BL,"Jackson Real Estate & Development, LLC property",4595 Trueman Blvd,"PUD Final Development Plan / Level ""B"" Site Plan",PUD (Soma Company) & B-3,12/14/2023,n/a
PZ-23-50,PZ-23-50,050-008255,ANSON DR,Ansmil LP property,"East side of Britton Pkwy approximately 1,000 feet north of Anson Dr",Lot split / deed transfer,PUD (Ansmil),12/14/2023,n/a
PZ-23-51,PZ-23-51,050-003024,5677 SCIOTO DARBY RD,Sunrise Academy High School,5677 Scioto Darby Rd,Conditional use - private school,S-1,01/11/2024,2/12/2024 j (24-R-11)
PZ-23-52,PZ-23-52,050-003202,4636 - 4640 CEMETARY RD,Carriage House Express Wash,4640 Cemetery Rd,Sign variance - internal illumination & excess ground signs,B-2,12/14/2023,n/a
PZ-23-53,PZ-23-53,050-003043,4530 GENEROSITY WY,TruePointe apartments,4457 Trueman Blvd,PUD final development plan modification - building elevations,PUD (Soma Company),Withdrawn,n/a
PZ-23-54,PZ-23-54,050-011893,Not Found,Norwich Township Fire Station,3858 Alton Darby Rd,PUD modification & PUD final development plan,PUD (Hilliard Recreation & Wellness Center),12/14/2023,1/22/24 (24-R-05
PZ-23-55,PZ-23-55,050-002824,4445 CEMETERY RD,Colorado Mountain Sports,4445 Cemetery Rd,Sign variance - sign above roof,PUD (Cemetery Road Properties Located Between Leap & Lacon Roads),06/13/2024,n/a
PZ-23-56,PZ-23-56,City of Hilliard,,Backyard bees & chickens update - Zoning Code amendment,n/a,Zoning Code Chapters 505 & 1121,n/a,01/11/2024,2/26/2024 (Ord. 24-03)
PZ-23-57,PZ-23-57,050-003221,4200 PARKWAY CT,RDP Foodservice,4200 Parkway Ct,"Level ""B"" Site Plan",M-1,01/11/2024,n/a
PZ-23-58,PZ-23-58,053-000614,,Alton Place Commercial,6700 Roberts Rd,HCD Text Modification & HCD Final Development Plan,HCD (Alton Place),01/11/2024,6/24/2024 (24-R-58)
PZ-23-59,PZ-23-59,050-007624,4311 - 4345 COSGRAY RD,AJWA Coffee,4311 Cosgray Rd,Conditional use - drive-thru,PUD (Hoffman Farms),01/11/2024,2/12/24 (24-R-12)
PZ-23-60,PZ-23-60,050-000328,5426 MADISON ST,Daniel residence,5426-5428 Madison St,Old Hilliard District Plan,OH-MD,01/11/2024,n/a
PZ-24-1,PZ-24-1,050-003028,BRITTON PW,814 Services LLC property Daycare,Northwest corner of Davidson Rd & Britton Pkwy,PUD Final Development Plan,PUD (Britton Farms),03/14/2024,n/a
PZ-24-2,PZ-24-2,053-000006 053-000616 053-000685,,Alton Place Section 1 Phase 3,North of Roberts Rd & West of Alton Darby Rd,Final Plat (21 lots),HCD (Alton Place),04/11/2024,5/13/2024 (24-R-35)
PZ-24-3,PZ-24-3,City of Hilliard,,Zoning Code Amendment,n/a,Zoning Code Section 1115.02 and Section 1123.18 [Health & Fitness Centers in Old Hilliard Districts],n/a,02/08/2024,3/25/2024 (24-06)
PZ-24-4,PZ-24-4,050-000542,3544 MAIN ST,Daylight Insurance,3544 Main St,Sign variance - ground sign,B-3,03/14/2024,n/a
PZ-24-5,PZ-24-5,City of Hilliard,,P&Z Rules of Operation,n/a,P&Z Rules of Operation,n/a,02/08/2024,n/a
PZ-24-6,PZ-24-6,050-000073 050-000074 050-000072 050-000071,5232 NORWICH ST; GROVE ST; 5222 NORWICH ST,Old Hilliard LTD properties,5232 Norwich St,Conditional use - personal services (massage therapist & aesthetician),OH-RD,03/14/2024,4/9/2024 (24-R-28) (24-R-29)
PZ-24-7,PZ-24-7,050-011249,4266 CEMETERY RD,Motley 7 Brew,4266 Cemetery Rd,PUD Final Development Plan & Sign variance,PUD (Britton/Lyman Redevelopment),03/14/2024,n/a
PZ-24-8,PZ-24-8,050-002881,3650 PARKWAY DR,Indoor Soccer Facility,3650 Parkway Ln,Conditional use - health and fitness facility,M-1,Application Rejected,n/a
PZ-24-9,PZ-24-9,053-000716,,Hill Farm Section 2,7112 Scioto Darby Rd,HCD Final Development Plan,HCD (Hill Farm),04/11/2024,n/a
PZ-24-10,PZ-24-10,050-006068 050-006061,5078 WAYCROFT CT; 5093 BRECKENHURST DR,Boyuk and Bell properties,5078 Waycroft Ct & 5093 Breckenhurst Dr,Lot Split / Deed transfer,PUD (Britton Farms),04/11/2024,n/a
PZ-24-11,PZ-24-11,053-000322 053-000321 120-000335 01-00669.000 (Union Co.),,Hill Farm II,"4427 Elliott Rd; East side of Elliott Rd 3,600 feet north of Scioto Darby Rd; NE corner of Scioto Darby Rd & Langton Rd",HCD rezoning,R-R,02/13/2025,3/24/2025 (Ord. 25-06)
PZ-24-12,PZ-24-12,050-010596,5522 N CENTER ST,Renovo Fitness,5522 Center St,Conditional Use - Health & Fitness Facility,OH-RD,Withdrawn 4/2/24,n/a
PZ-24-13,PZ-24-13,050-008255,ANSON DR,Britton Flex Center (ECO Plumbers),"Britton Parkway - Ansmil PUD Subarea C1b, C3 & C4","PUD Modification, PUD Final Development Plan & Sign variance",PUD (Ansmil),04/11/2024,5/13/2024 (24-R-38)
PZ-24-14,PZ-24-14,050-002288 050-000136,MAIN ST; 4142 - 4144 MAIN ST,Bears Bagels,4142 Main St,Sign variance - wall sign,OH-MD,04/11/2024,n/a
PZ-24-15,PZ-24-15,City of Hilliard,,Zoning Code Amendment,n/a,Zoning Code Section 1111.02 - personal services in B-3,n/a,Denied 4/11/24,Denied 5/13/24
PZ-24-16,PZ-24-16,050-011833,Not Found,ADS (Advanced Drainage Systems),4381 Davidson Rd (Raindrop Way),Sign variance - internal illumination,PUD (Ansmil),04/11/2024,n/a
PZ-24-17,PZ-24-17,050-007828,4345 OAKBURY CT,Hampton Oaks Subdivision entrance,4345 Oakbury Ct,Hampton Oaks subdivision entrance plan,R-3,Withdrawn 4/23/24,n/a
PZ-24-18,PZ-24-18,053-000716 053-000916,,Hill Farm Section 2,"2,400 feet north of Scioto Darby Rd & 1,800 feet west of Elliott Rd",Final Plat (Reserve Area for 60 future condos),HCD (Hill Farm),05/09/2024,5/28/2024 (24-R-42)
PZ-24-19,PZ-24-19,City of Hilliard,,Zoning Code Amendment,n/a,Zoning Code Chapter 1116 - Big Darby Employment District (DE),n/a,06/13/2024,7/8/2024 (Ord. 24-15)
,PZ-24-20,VOID,,VOID,VOID,VOID,VOID,VOID,VOID
PZ-24-21,PZ-24-21,053-000614,,Alton Place commercial,6700 Roberts Rd,Lot split / deed transfer,HCD (Alton Place),05/09/2024,n/a
PZ-24-22,PZ-24-22,050-003485,3940 LYMAN DR,LifeWise Academy,3940 Lyman Dr,Conditional use - assembly hall,B-4,Application Rejected,n/a
PZ-24-23,PZ-24-23,050-003211,4199 PARKWAY LN,Chase Bank,4199 Parkway Ln,"Lot split, Level ""B"" Site Plan & Sign variance",B-4,Withdrawn 4/11/24,n/a
PZ-24-24,PZ-24-24,City of Hilliard,,Sign Code Amendment,n/a,Zoning Code Chapter 1129 - Graphics and Sign Code,n/a,05/09/2024,June
PZ-24-25,PZ-24-25,050-001324,4570 EDGEWYN AVE,MAACO,4570 Edgewyn Ave,Conditional use - Vehicle repair major,M-1,06/13/2024,7/8/2024 (24-R-62)
PZ-24-26,PZ-24-26,053-000716,,"Hill Farm Section 3, Phase 1",7112 Scioto Darby Rd,Final Plat (Audubon Ave & Percheron Dr),HCD (Hill Farm),05/09/2024,5/28/2024 (24-R-43)
PZ-24-27,PZ-24-27,050-000361 050-002342,5286 CENTER ST; CENTER ST,Teas Your Spirits,5286 Center St,Old Hilliard District Plan & Sign variance,OH-RD,06/13/2024,n/a
PZ-24-28,PZ-24-28,050-003216,3705 - 3711 PARKWAY LN,SA Comunale,3709 Parkway Ln,Sign variance - ground sign,M-1,08/08/2024,n/a
PZ-24-29,PZ-24-29,050-011833,Not Found,ADS (Advanced Drainage Systems),4381 Davidson Rd,Final Plat,PUD (Ansmil),06/13/2024,6/24/2024 (24-R-53)
PZ-24-30,PZ-24-30,050-002091,4399 CEMETERY RD,Napa Auto Care (Ohio Auto Care),4399 Cemetery Rd,Sign variance - ground sign,M-1,06/13/2024,n/a
PZ-24-31,PZ-24-31,050-003024,5677 SCIOTO DARBY RD,Sunrise Academy High School,5677 Scioto Darby Rd,Conditional use - private school,S-1,06/13/2024,7/8/2024 (24-R-61)
PZ-24-32,PZ-24-32,050-009209,4453 - 4489 CEMETERY RD,Louie's Latino-American Kitchen,4453 Cemetery Rd,Sign variance - wall signs & ground sign,PUD (Cemetery Road Properties Between Leap & Lacon Roads),06/13/2024,n/a
PZ-24-33,PZ-24-33,050-003211,4199 PARKWAY LN,Chase Bank,4199 Parkway Ln,"Level ""B"" Site Plan & Sign variance",B-4,06/13/2024,n/a
PZ-24-34,PZ-24-34,050-007649,3575 MAIN ST,Marathon gas station,3575 Main St,Sign variance - wall signs & ground sign,PUD (Heritage Lakes),Rejected 11/18/2024,n/a
PZ-24-35,PZ-24-35,050-007238,3799 PARK MILL RUN DR,K-9 Resorts,3799 Park Mill Run Dr,PUD Modification,PUD (Mill Run),07/11/2024,8/26/2024 (24-R-72)
PZ-24-36,PZ-24-36,050-002991,4343 N WEAVER CT,U.S. Utility Contractor Co. Inc.,4343 Weaver Ct North,"Level ""A"" Site Plan - Above ground fuel tank",M-1,06/04/2024,n/a
PZ-24-37,PZ-24-37,050-010534,4356 DUBLIN RD,Furey property,4356 Dublin Rd,Lot split / deed transfer,R-1,07/11/2024,n/a
PZ-24-38,PZ-24-38,050-011833,Not Found,ADS (Advanced Drainage Systems),4381 Davidson Rd (Raindrop Way),Sign variance - ground sign & directional signs,PUD (Ansmil),07/11/2024,n/a
PZ-24-39,PZ-24-39,VOID,,VOID,VOID,VOID,VOID,VOID,VOID
PZ-24-40,PZ-24-40,050-010214,5550 BRITTON PW,Britton Parkway Holding Inc. property (Former BMW Financial Services),5550 Britton Pkwy,PUD modification - permitted uses,PUD (Britton Central),Withdrawn 7/11/2024,n/a
PZ-24-41,PZ-24-41,050-003485 050-002798,3940 LYMAN DR; 3950 LYMAN DR,LifeWise Academy,3940 Lyman Dr & 3950 Lyman Drive,"Lot split, Level ""B"" Site Plan",B-4,07/11/2024,n/a
PZ-24-42,PZ-24-42,050-002799,4580 CEMETERY RD,Dollar General,4610 Cemetery Rd,Sign variance - colors,B-2,Denied 7/11/2024,n/a
PZ-24-43,PZ-24-43,VOID,,VOID,VOID,VOID,VOID,VOID,VOID
PZ-24-44,P'Z-24-44,050-009795,4786 DAVIDSON RD,Red School of Music,4786 Davidson Rd,Conditional use - music training & sign variance - ground sign,R-R,07/11/2024,8/26/2024 (24-R-71)
PZ-24-45,PZ-24-45,050-011461,4510 HICKORY CHASE WY,Verena at Hilliard,4522 Hickory Chase Way,Pickleball court fence,PUD (Ansmil),07/11/2024,n/a
PZ-24-46,PZ-24-46,050-002806,4120 SCIOTO DARBY CRK,Amazon Data Services,4120 Scioto Darby Rd,Revised landscape plan,M-1,08/08/2024,n/a
PZ-24-47,PZ-24-47,050-010214,5550 BRITTON PW,Britton Parkway Holding Inc. property (Former BMW Financial Services),5550 Britton Pkwy,PUD modification - permitted uses,PUD (Britton Central),09/12/2024,Denied 11/12/2024 (24-R-88)
PZ-24-48,PZ-24-48,050-002974,4546 CEMETERY RD,El Sazon de Mi Tia food truck (Marathon gas station),4546 Cemetery Rd,Food truck permanent location,B-2,08/08/2024,n/a
PZ-24-49,PZ-24-49,050-002875,3700 PARKWAY LN,Johnstone Supply,3700 Parkway Ln,Conditional use - wholesale business,M-1,09/12/2024,10/14/2024 (24-R-83)
PZ-24-50,PZ-24-50,050-002838,4100 COLUMBIA ST,Franklin County Fairgrounds,4100 Columbia Street,"Level ""A"" Site Plan",S-1,8/12/2024 by staff,n/a
PZ-24-51,PZ-24-51,050-008257 050-011989,Not Found,Leap Road townhouses (Townhomes at Hilliard),4655 Leap Rd,Final Plat (63 townhouse units),PUD (Ansmil),09/12/2024,10/14/2024 (24-R-78)
PZ-24-52,PZ-24-52,050-007238,3799 PARK MILL RUN DR,K-9 Resorts,3799 Park Mill Run Dr,Final Development Plan,PUD (Mill Run),09/12/2024,n/a
PZ-24-53,PZ-24-53,050-010512,3993 COSGRAY RD,Cosgray Road Extension,6371 Scioto Darby Rd,Final Plat,PUD (Hilliard Recreation & Wellness Center),09/12/2024,9/23/2024 (24-R-74)
PZ-24-54,PZ-24-54,050-006467,3401 MILL RUN DR,Tenby Flex Building,3401 Mill Run Dr,Final Development Plan,PUD (Mill Run),09/12/2024,n/a
PZ-24-55,PZ-24-55 (PZ-25-11),050-008254,4501 DAVIDSON RD,Townes at Davidson,Southeast corner of Davidson Rd & Leap Rd,PUD Modification & PUD Final Development Plan (120 units),PUD (Ansmil),See PZ-25-11 Withdrawn 4/4/2025,n/a
PZ-24-56,PZ-24-56,050-000131 050-000061 050-010538,4057 GRANT ST; GRANT ST,Tortilla Park,4057 Grant St,Old Hilliard District Plan,OH-MD,09/12/2024,n/a
PZ-24-57,PZ-24-57,050-002841,4755 JEANETTE RD,Haridham Hindu Temple,4755 Jeannette Rd,Sign variance - ground sign,R-3,09/12/2024,n/a
PZ-24-58,PZ-24-58,053-000256,,Tarlton Meadows West Section 2 Phase 2B,"Approximately 1,100 feet east of Elliott Road at athe southern terminus of Stanberry Road",Final Plat (27 lots),PUD (Tarlton Meadows),10/10/2024,10/28/2024 (24-R-85)
PZ-24-59,PZ-24-59,050-002888,4077 S WEAVER CT,Mayco Colors,4077 Weaver Court South,"Level ""A"" Site Plan",M-1,9/4/2024 by staff,n/a
PZ-24-60,PZ-24-60,050-002091,4399 CEMETERY RD,Ohio Auto Care,4399 Cemetery Rd,Sign variance - ground sign,M-1,09/12/2024,n/a
PZ-24-61,PZ-24-61,050-003043,4530 GENEROSITY WY,Home 2 Suites Hotel,4530 Generosity Way,PUD Final Development Plan,PUD (Soma Company),10/10/2024,n/a
PZ-24-62,PZ-24-62,050-002408,4708 CEMETERY RD,Sabe A Llano USA LLC food truck (Advance Auto Parts),4708 Cemetery Rd,Food truck permanent location,B-2,10/10/2024,n/a
,PZ-24-63,,,,,,,,
PZ-24-64,pZ-24-64,050-000540,3596 - 3600 MAIN ST,Laveen Home Health,3602 Main St,Sign variance - wall sign,L-B-3,10/10/2024,n/a
PZ-24-65,P'Z-24-65,050-011983,GENEROSITY WY EFG,Truepointe Retail Building E,3997 Truepointe Blvd,Final Development Plan,PUD (Soma Company),11/14/2024,n/a
PZ-24-66,PZ-24-66,050-011984,SCIOTO DARBY CREEK RD,Truepointe Retail Building J,4567 Wathen Dr,Final Development Plan,PUD (Soma Company),11/14/2024,n/a
PZ-24-67,PZ-24-67,050-005767,4440 AVERY RD,Thai Orthodontics VOID,4440 Avery Rd VOID,Sign variance - ground sign,B-3 VOID,VOID,VOID
PZ-24-68,PZ-24-68,050-011534,4621 LYMAN DR,Lighthouse Avionics Inc.,4621 Lyman Dr,Conditional use - wireless communication facilities,B-4,11/14/2024,12/9/2024 (24-R-95)
PZ-24-69,PZ-24-69,VOID,,VOID,VOID,VOID,VOID,VOID,VOID
PZ-24-70,PZ-24-70,050-000447,4974 CEMETERY RD,Absolute Yoga,4974 Cemetery Rd,Sign variance - ground sign,B-3,Withdrawn,n/a
,PZ-24-71,VOID,,VOID,VOID,VOID,VOID,VOID,VOID
,PZ-24-72,VOID,,VOID,VOID,VOID,VOID,VOID,VOID
PZ-24-73,PZ-24-73,050-003030,4840 DAVIDSON RD,Hilliard Development Corporation property,4840 Davidson Rd,Rezoning to PUD,R-R,01/09/2025,2/10/2025 (Ord. 25-03)
,PZ-24-74,VOID,,VOID,VOID,VOID,VOID,VOID,VOID
,PZ-24-75,VOID,,VOID,VOID,VOID,VOID,VOID,VOID
,PZ-24-76,VOID,,VOID,VOID,VOID,VOID,VOID,VOID
,PZ-24-77,VOID,,VOID,VOID,VOID,VOID,VOID,VOID
,PZ-24-78,VOID,,VOID,VOID,VOID,VOID,VOID,VOID
PZ-24-79,PZ-24-79,050-000341,4077 COLUMBIA ST,Leahy & Trout residence,4077 Columbia St,Old Hilliard District Plan,OH-MD,11/14/2024,n/a
PZ-24-80,PZ-24-80,050-009383,3690 - 3720 LACON RD,Expressway Auto Sale Inc.,3710 Lacon Rd,Conditional use - auto sales,M-1,Rejected 1/8/25 (Incomplete),n/a
PZ-24-81,PZ-24-81,053-000616 053-000019,,Alton Place Section 1 Phase 4,6700 Roberts Rd,Final Plat (Bridgeview Trace),HCD (Alton Place),12/12/2024,1/13/2025 (25-R-01)
PZ-24-82,PZ-24-82,050-000288,5105 CEMETERY RD,The Studio on Bridge Hair Salon,5105 Cemetery Rd,Sign variance - ground sign,B-1,12/12/2024,n/a
,PZ-24-83,VOID,,VOID,VOID,VOID,VOID,VOID,VOID
PZ-24-84,PZ-24-84,050-008526 050-008260 050-008255,5988 WOODSVIEW WY; 4442 LEAP RD; ANSON DR,ACC Party Rental,Northeast corner of Anson Drive & Leap Road,PUD Modification & PUD Final Development Plan,PUD (Ansmil),Lot split: 12/12/2024 PUD Mod. & FDP: 1/9/2025,1/27/25 (25-R-06)
PZ-24-85,PZ-24-85,050-005144,4656 CEMETERY RD,Kroger,4656 Cemetery Rd,Sign variance - wall and ground signs,B-2,12/12/2024,n/a
PZ-24-86,PZ-24-86,050-003211,4199 PARKWAY LN,Chase Bank,Southwest corner of Cemetery Road & Parkway Ln,Sign variance - wall and ground signs,B-4,12/12/2024,n/a
PZ-24-87,PZ-24-87,050-011311,SCIOTO DARBY RD,Latham Park Apartments,Northwest corner of Scioto Darby Rd & Green Clover Dr,Sign variance - ground sign setback,PUD (Square at Latham Park),12/12/2024,n/a
PZ-24-88,PZ-24-88,,,Alton Place Section 1 Phase 5,,Final Plat (35 lots),HCD (Alton Place),01/09/2025,1/27/2025 (25-R-03)
PZ-24-89,PZ-24-89,050-011983,GENEROSITY WY EFG,Truepointe Retail Building G,3988 Truepointe Blvd,Final Development Plan,PUD (Soma Company),02/13/2025,n/a
PZ-24-90,PZ-24-90,050-003485,3940 LYMAN DR,LifeWise Academy & Hampton Inn & Suites,3940 Lyman Dr & 3950 Lyman Dr,Sign variance - ground sign,B-4,01/09/2025,n/a
PZ-24-91,PZ-24-91,050-009383,3690 - 3720 LACON RD,Leibrand Brown Campbell LTD property,3700 Lacon Rd,Conditional use - outdoor storage,M-1,JUL,AUG
PZ-24-92,PZ-24-92,050-009795,4786 DAVIDSON RD,Red School of Music,4786 Davidson Rd,Sign variance - ground sign,R-R,01/09/2025,n/a
PZ-24-93,PZ-24-93,050-002266,4000 PARKWAY LN,The Resolute Training Center,4000 Parkway Ln,Sign variance - wall signs,B-4,01/09/2025,n/a
PZ-24-94,PZ-24-94,050-005422,3311 - 3315 MILL MEADOW DR,Morse-Maize Family LP property,3311 - 3315 Mill Meadow Dr,PUD modification,PUD (Mill Run),01/09/2025,FEB
PZ-24-95,PZ-24-95,050-007649,3575 MAIN ST,Marathon gas station - Alfaa,3575 Main St,Sign variance - mounted & ground signs,PUD (Heritage Lakes),Rejected 12/31/24 (Incomplete),n/a
PZ-24-96,PZ-24-96,050-000866,4540 EDGEWYN AVE,Carfine Collision,4540 Edgewyn Ave,Conditional use - Vehicle repair major,M-1,02/13/2025,3/10/2025 (25-R-22)
PZ-24-97,PZ-24-97,050-009925,3931 - 3939 TRUEMAN BL,Grocery Outlet Inc.,3939 Trueman Blvd,Conditional use - grocery store,PUD (Soma Company),Withdrawn 1/13/2025,n/a
PZ-25-1,PZ-25-1,050-010596,5522 N CENTER ST,Hard Fought Fitness,5522 Center St,Conditional Use - Health & Fitness Facility,OH-RD,Withdrawn,n/a
PZ-25-2,PZ-25-2,050-002981,3854 - 3870 MAIN ST,Diwan Café,3870 Main St,Conditional use - retail,B-1,02/13/2025,3/10/2025 (25-R-23)
PZ-25-3,PZ-25-3,City of Hilliard,,Zoning Code Amendment,n/a,Zoning Code Section 1115.02 and [Child care facilities to be permitted uses in S-1 Districts],n/a,02/13/2025,3/10/2025 (Ord. 25-04)
PZ-25-4,PZ-25-4,050-000093,4071 COLUMBIA ST,Beechum residence,4071 Columbia St,Old Hilliard district plan - detached garage,OH-MD,02/13/2025,n/a
PZ-25-5,PZ-25-5,050-000144,3979 MAIN ST,Pure Beauty on Main,3979 Main St,Parking plan,OH-MD,02/13/2025,n/a
PZ-25-6,PZ-25-6,050-012677,4384 DAVIDSON RD,Brightpath,4384 Davidson Rd,Sign variance - colors,PUD (Britton Farms),03/13/2025,n/a
PZ-25-7,PZ-25-7,050-002994,4402 WEAVER CT NORTH,National Basketball Academy,4402 Weaver Ct North,Conditional Use - Health & Fitness Facility,M-1,03/13/2025,3/24/2025 (25-R-27)
PZ-25-8,PZ-25-8,053-000614,,Alton Place Commercial,6533 Roberts Rd,Lot Split / Deed transfer,HCD (Alton Place),04/10/2025,n/a
PZ-25-9,PZ-25-9,050-009795,4786 DAVIDSON RD,Red School of Music,4786 Davidson Rd,Sign variance - external illumination,R-R,04/10/2025,n/a
PZ-25-10,PZ-25-10,050-005613,5600 - 5900 SCIOTO DARBY RD,Hilliard Darby High School,4206 Leppert Rd (4200 Leppert Rd),"Conditional use - public school & Level ""B"" site plan",S-1,04/10/2025,4/28/25 (25-R-31)
PZ-25-11,PZ-25-11,050-008254,4501 DAVIDSON RD,Townes at Davidson,Southeast corner of Davidson Rd & Leap Rd,PUD Modification & PUD Final Development Plan (120 units),PUD (Ansmil),Withdrawn 4/4/2025,n/a
PZ-25-12,PZ-25-12,050-003292,4277 LYMAN DR,Arctic Express,4277 Lyman Dr,Sign variance - setback,B-4,05/08/2025,n/a
PZ-25-13,PZ-25-13,050-002812,3637 LACON RD,Gutridge,3637 Lacon Rd,Sign variance - setback,M-1,05/08/2025,n/a
PZ-25-14,PZ-25-14,050-007601,4444 DAVIDSON RD,Gibson Dental and Britton-Norwich Learning Campus,4444 Davidson Rd 4454 Davidson Rd,Sign variance - base,PUD (Britton Farms),05/08/2025,n/a
PZ-25-15,PZ-25-15,050-007624,4311 - 4345 COSGRAY RD,Herb & Mineral Magic,4323 Cosgray Rd,PUD Modification - grocery stores,PUD (Hoffman Farms),05/08/2025,
PZ-25-16,PZ-25-16,050-000275,5460 FRANKLIN ST,The Junction by Westwood Ltd,5460 Franklin St,Old Hilliard District Plan - solar panels,OH-MD,05/08/2025,n/a
PZ-25-17,PZ-25-17,050-008175,3617 HERITAGE CLUB DR,Office building,3617 Heritage Club Dr,PUD Modification - child care facility,PUD (Heritage Lakes),06/12/2025,7/14/2025 (25-R-59)
PZ-25-18,PZ-25-18,n/a,,Zoning Code Amendment,n/a,Zoning Code Section 753 - mobile food vending,n/a,05/08/2025,6/6/2025 (Ord. 25-15)
PZ-25-19,PZ-25-19,050-007649,3575 MAIN ST,Alfaa Mart,3575 Main St,Sign variance - temporary banner sign,PUD (Heritage Lakes),06/12/2025,n/a
PZ-25-20,PZ-25-20,050-008255,ANSON DR,Britton Flex Center,4653 Britton Pkwy,PUD Modification - pickleball,PUD (Ansmil),6/12/2025 Negative Rec,7/14/2025 (25-R-58)
PZ-25-21,PZ-25-21,050-010512,3993 COSGRAY RD,Hilliard Recreation & Wellness Center,3993 Cosgray Rd,Sign variance - ground sign,PUD (Hilliard Recreation & Wellness Center),06/12/2025,n/a
PZ-25-22,PZ-25-22,050-003349,4951 NORTHWEST PW,Franklin County Fairgrounds,4100 Columbia Street,"Conditional use, Level ""B"" Site Plan & Sign variance",S-1,06/12/2025,7/14/2025 (25-R-56)
PZ-25-23,PZ-25-23,27 parcels,,Alton Place,Northwest corner of Roberts Rd & Alton Darby Rd,"HCD Modification - Subareas SF1A, SF1B, R3, R4, R5, C6 & C7",HCD (Alton Place),Rejected by staff on 12/1/2025,n/a
PZ-25-24,PZ-25-24,City of Hilliard,,Zoning Code Amendment I-270 Corridor District,n/a,Zoning Code Chapter 1116 - I-270 Corridor District (I),n/a,VOID,7/14/2025 (Ord. 25-17)
PZ-25-25,PZ-25-25,050-000217,4066 MAIN ST,Cornerstone Christian Fellowship Church,4066 Main St,Old Hilliard District Plan - storage container,OH-MD,07/10/2025,n/a
PZ-25-26,PZ-25-26,050-009478,6044 PARK MEADOW LN,"Achilles Enterprises, Inc",6044 Parkmeadow Ln,"Level ""A"" Site Plan",PUD (Hoffman Farms),5/29/2025 by staff,n/a
PZ-25-27,PZ-25-27,050-002853,3600 LACON RD,Beacon Elementary School,3600 Lacon Rd,"Conditional use & Level ""B"" Site Plan",R-3,07/10/2025,8/25/2025 (25-R-64)
PZ-25-28,PZ-25-28,050-003037,4501 BRITTON PW,Norwich Elementary School,4454 Davidson Rd,"Conditional use and Level ""B"" Site Plan",S-1,07/10/2025,8/25/2025 (25-R-65)
PZ-25-29,PZ-25-29,053-001033,,Alton Place - Building D,6505 Roberts Rd,Final Development Plan modification,HCD (Alton Place),07/10/2025,n/a
PZ-25-30,PZ-25-30,053-000321,,Hill Farm II,"4427 Elliott Rd (East side of Elliott Rd 3,600 feet north of Scioto Darby Rd)",Lot split,HCD (Hill Farm II),07/10/2025,n/a
PZ-25-31,PZ-25-31,050-000540,3596 - 3600 MAIN ST,MW Properties LLC,3600 Main St,Rezoning to L-B-2,L-B-3,07/10/2025,9/8/2025 (Ord. 25-22)
PZ-25-32,PZ-25-32,050-010842,5000 BRITTON PW,Verizon,5000 Britton Pkwy,"Level ""B"" Site Plan minor changes",B-3,07/10/2025,n/a
PZ-25-33,PZ-25-33,050-000131,4057 GRANT ST,Tortilla Park,4057 Grant St,Old Hilliard District Plan,OH-MD,07/10/2025,n/a
PZ-25-34,PZ-25-34,050-003267,CEMETERY RD,Watan Café & Roastery,4510 Cemetery Rd,Sign variance,B-2,07/10/2025,n/a
PZ-25-35,PZ-25-35,050-007624,4311 - 4345 COSGRAY RD,Smoked Lick BBQ,4333 Cosgray Rd,Final Development Plan modification & sign variance,PUD (Hoffman Farms),Smoker 11/13/25 Sign variance denied 11/13/25,n/a
PZ-25-36,PZ-25-36,050-010785 050-010787 050-010788 050-010789,2470 ROBERTS RD; 2474 ROBERTS RD; 2338 ALTON DARBY CK RD; 6514 ROBERTS RD,Circle K,Northeast corner of Roberts Rd & Alton Darby Rd,Rezoning to HCD,R-1,08/14/2025,10/13/2025 (Ord. 25-23)
PZ-25-37,PZ-25-37,050-002981,3854 - 3870 MAIN ST,Diwan Café,3870 Main St,Sign variance - wall sign,B-1,07/10/2025,n/a
PZ-25-38,PZ-25-38,050-010785 050-010787 050-010788 050-010789,2470 ROBERTS RD; 2474 ROBERTS RD; 2338 ALTON DARBY CK RD; 6514 ROBERTS RD,Homewood Corporation properties,Northeast corner of Roberts Rd & Alton Darby Rd,Rezoning to HCD and Alton Place HCD modification to add property into Subarea C7,R-1,Withdrawn 7/16/2025,n/a
PZ-25-39,PZ-25-39,050-002091,4399 CEMETERY RD,Ohio Auto Care,4399 Cemetery Rd,Sign variance - ground sign,M-1,Withdrawn 9/11/2025,n/a
PZ-25-40,PZ-25-40,050-000039 050-000227,3981 MAIN ST; 3981 - 3983 MAIN ST,Twins Hookah Lounge,3981 Main St,Old Hilliard District Plan - retractable awning,OH-MD,08/14/2025,n/a
PZ-25-41,PZ-25-41,050-000029 050-000037,5266 CENTER ST; 5260 CENTER ST,Hilliard Tire Center,5266 Center St,"Level ""B"" Site Plan - parking lot expansion",OH-RD,12/11/2025,n/a
PZ-25-42,PZ-25-42,053-000006 053-000008 053-000009 053-000010 053-000011 053-000012 053-000013 053-000014 053-000015 053-000016 053-000017 053-000018 053-000019 053-000615 053-000616 053-000617,,Alton Place - Onyx & East,2717 Alton Darby Rd - Alton Place Subarea R5,"HCD Modification & Level ""B"" Site Plan",HCD (Alton Place),08/14/2025,9/8/2025 (25-R-69)
PZ-25-43,PZ-25-43,050-000141,4045 MAIN ST,Westwood Collective,4045 Main St,Old Hilliard District Plan - exterior materials & colors; garage door,OH-MD,08/15/2025,n/a
PZ-25-44,PZ-25-44,050-000358,4140 WINTERRINGER ST,White property,4140 Winterringer St,Lot Split / Deed transfer,R-2,08/15/2025,n/a
PZ-25-45,PZ-25-45,050-003266 050-003267,4490 - 4514 CEMETERY RD; CEMETERY RD,H&T Real Estate LLC property (Brown Park shopping center),Northwest corner of Cemetery Rd & Brown Park Dr,Sign variance - wall signs,B-2,09/11/2025,n/a
PZ-25-46,PZ-25-46,053-000810 053-000714,,Alton Place (Fischer Homes),Northwest corner of Roberts Rd & Sycamore Trace and Southwest corner of Bridgeview Trace and Alton Darby Rd,Sign variance - ground signs,HCD (Alton Place),09/11/2025,n/a
PZ-25-47,PZ-25-47,053-000322,,Hill Farm II,Northeast corner of Scioto Darby Rd & Langton Rd,Lot Split / Deed transfer,HCD (Hill Farm II),09/11/2025,n/a
PZ-25-48,P'Z-25-48,050-007807,5275 GLADSTONE PL,Mama's Daycare,5275 Gladstone Pl,Conditional use - Child daycare home Type A,R-2,Withdrawn,n/a
,PZ-25-49,VOID,,VOID,VOID,VOID,VOID,VOID,VOID
PZ-25-50,P'Z-25-50,050-009794,3440 HERITAGE CLUB DR,Oasis,3440 Heritage Club Dr,Conditional use - assembly hall,B-2,10/09/2025,NOV
PZ-25-51,PZ-25-51,VOID,,VOID,VOID,VOID,VOID,VOID,VOID
,PZ-25-52,VOID,,VOID,VOID,VOID,VOID,VOID,VOID
,PZ-25-53,VOID,,VOID,VOID,VOID,VOID,VOID,VOID
,PZ-25-54,VOID,,VOID,VOID,VOID,VOID,VOID,VOID
,PZ-25-55,VOID,,VOID,VOID,VOID,VOID,VOID,VOID
PZ-25-56,PZ-25-56,050-003039,4653 TRUEMAN BL,Advanced Drainage Systems,4024 Green Stripe Ln,Sign variance - wall sign,PUD (Soma Company),10/09/2025,n/a
PZ-25-57,PZ-25-57,050-010973 through 050-010982,4757 HALLE CR; 4760 HALLE CR,Trails Edge PUD,4745 Halle Cir,PUD Modification,PUD (Trails Edge),10/09/2025,10/27/2025 (25-R-88)
PZ-25-58,PZ-25-58,050-000092,5281 NORWICH ST,Kimes residence,5281 Norwich St,Old Hilliard District Plan,OH-RD,VOID,n/a
PZ-25-59,PZ-25-59,050-002806,4120 SCIOTO DARBY CRK,Amazon Data Services,4120 Scioto Darby Rd,"Level ""B"" Site Plan minor modification",M-1,Withdrawn 10/17/2025,n/a
PZ-25-60,PZ-25-60,050-002799,4580 CEMETERY RD,Sun Auto Tire & Service (formerly Goodyear),4580 Cemetery Rd,Sign variance - nonconforming ground sign,B-2,Denied 10/9/2025,n/a
PZ-25-61,PZ-25-61,050-011984,SCIOTO DARBY CREEK RD,Norwich Township Fire Station #84,3858 Alton Darby Rd,PUD Final Development Plan modification,PUD (Hilliard Recreation & Wellness Center),10/09/2025,n/a
,PZ-25-62,,,,,,,,
PZ-25-63,PZ-25-63,050-000188,4055 MAIN ST,Dragonfly Bookshop,4055 Norwich St #300,Sign variance - colors,OH-MD,10/09/2025,n/a
PZ-25-64,PZ-25-64,053-000321,,Hill Farm II East Section 1,4427 Elliott Rd,Final Plat (45 lots),HCD (Hill Farm II),11/13/2025,12/8/2025 (25-R-94)
PZ-25-65,PZ-25-65,050-002895,3660 PARKWAY LN,Arden Logistics Parks,3660-3700 Parkway Ln,Sign variance - wall signs,M-1,11/13/2025,n/a
PZ-25-66,PZ-25-66,050-007649,3575 MAIN ST,Alfaa Mart / Marathon gas station,3575 Main St,Sign variance - canopy and dispenser signs,PUD (Heritage Lakes),11/13/2025,n/a
PZ-25-67,PZ-25-67,053-000476,,Heritage Preserve Apartments LLC property,6631 Tanager Ln,"Level ""A"" Site Plan",PUD (Heritage Preserve),11/7/2025 by Staff,n/a
PZ-25-68,PZ-25-68,050-002994,4402 WEAVER CT NORTH,Weaver Flex LLC property,4402 Weaver Ct North,"Level ""A"" Site Plan",M-1,10/31/2025 by Staff,n/a
PZ-25-69,PZ-25-69,050-011983,GENEROSITY WY EFG,Truepointe Retail Building F Old Scratch Pizza,3998 Truepointe Blvd,PUD Final Development Plan,PUD (Soma Company),11/13/2025,n/a
PZ-25-70,PZ-25-70,050-003191,3919 PARKWAY LN,Sabe A Llano USA food truck,3919 Parkway Ln,"Level ""B"" Site Plan Minor Changes",B-4,JAN,n/a
PZ-25-71,PZ-25-71,050-001922,5863 SCIOTO DARBY RD,Wellington Village Senior Living,5863 Scioto Darby Road,Sign variance - ground sign,R-4,JAN,n/a
PZ-25-72,PZ-25-72,City of Hilliard,,Zoning Code Amendment,n/a,"Chapter 1105 - definitions, Section 1116.02(L) - signs, & Section 1116.08(g) - land uses",n/a,02/12/2026,3/23/2026 (Ord. 26-07)
PZ-25-73,PZ-25-73,050-002895,3660 PARKWAY LN,Rauland Integrated Solutions,"3670 Parkway Ln, Unit E",Conditional use - warehouse,I-FE,VOID,VOID
PZ-25-74,PZ-25-74,050-002895,3660 PARKWAY LN,Accurate Healthcare,"3670 Parkway Ln, Suite F & G",Conditional use - warehouse,I-FE,12/11/2025,JAN
PZ-25-75,PZ-25-75,050-002875,3700 PARKWAY LN,Everything But the House,"3700 Parkway Ln, Suite D & F",Conditional use - warehouse,I-FE,12/11/2025,JAN
PZ-25-76,PZ-25-76,050-002875,3700 PARKWAY LN,Northeast Battery,"3700 Parkway Ln, Suite K & L",Conditional use - warehouse,I-FE,12/11/2025,JAN
PZ-25-77,PZ-25-77,050-002875,3700 PARKWAY LN,"Baths R Us ""Where Dreams Soak In""","3700 Parkway Ln, Suite O",Conditional use - warehouse,I-FE,12/11/2025,JAN
PZ-25-78,PZ-25-78,050-002875,3700 PARKWAY LN,AVI Food Systems,"3700 Parkway Ln, Suite P & S",Conditional use - warehouse,I-FE,12/11/2025,JAN
PZ-25-79,PZ-25-79,VOID,,VOID,VOID,VOID,VOID,VOID,VOID
PZ-25-80,PZ-25-80,VOID,,VOID,VOID,VOID,VOID,VOID,VOID
PZ-25-81,PZ-25-81,VOID,,VOID,VOID,VOID,VOID,VOID,VOID
,PZ-25-82,VOID,,VOID,VOID,VOID,VOID,VOID,VOID
PZ-25-83,PZ-25-83,050-004483,4714 - 4740 CEMETERY RD,Dapper'z Barbershop,4730 Cemetery Rd,Sign variance - wall sign,B-2,JAN,n/a
PZ-25-84,PZ-25-84,050-000540,3596 - 3600 MAIN ST,Kiddiecare,3600 Main St,Sign variance - wall sign,L-B-2,JAN,n/a
PZ-25-85,PZ-25-85,VOID,,VOID,VOID,VOID,VOID,VOID,VOID
PZ-26-1,PZ-26-1,050-010785 050-010787 050-010788 050-010789,2470 ROBERTS RD; 2474 ROBERTS RD; 2338 ALTON DARBY CK RD; 6514 ROBERTS RD,Circle K,6486 Roberts Rd,"Alton Place HCD Modification and Level ""B"" Site Plan",HCD (Alton Place),HCD Mod: 5/14/26 Site Plan: Denied 5/14/26,9/14/26?
PZ-26-2,PZ-26-2,050-004914,3810 LACON RD,Environmental Management Inc.,3810 Lacon Rd,"Conditional use - outdoor storage & Level ""B"" Site Plan",M-1,02/12/2026,3/23/2026 (26-R-24)
PZ-26-3,PZ-26-3,050-011980,TRUEMAN BL UNIT BFK,Truepointe (former Battelle for Kids),4525 Wathen Drive,Sign variance - ground sign,PUD (Soma Company),03/12/2026,n/a
PZ-26-4,PZ-26-4,120-000672 120-000698 120-000714 120-000774 120-001145 120-007943,,Clover Meadows,4322 Elliott Rd,Rezoning to HCD,Rural (Twp),04/09/2026,6/8/2026 (Ord. 26-13)
PZ-26-5,PZ-26-5,050-002889 050-002888 050-003866 050-003335 050-002990 050-002991 050-002992,WEAVER CT; 4077 S WEAVER CT; 4756 NORTHWEST PW; 4770 NORTHWEST PW; 4271 WEAVER CT; 4343 N WEAVER CT; 4389 - 4445 N WEAVER CT,Weaver Court Rezoning,West side of the southernmost part of Weaver Court South; Northeast and northwest corners of Northwest Pkwy & Weaver Court North; West side of Weaver Court North.,Rezoning to M-1,I-FE,Withdrawn 2/17/2026,n/a
,PZ-26-6,VOID,,VOID,VOID,VOID,VOID,VOID,VOID
PZ-26-7,PZ-26-7,050-000141,4045 MAIN ST,Bakes by Lo & Cyclical Nature Bicycles,4045 Main St,Old HIlliard District Plan & Graphics Variance,OH-MD,03/12/2026,n/a
PZ-26-8,PZ-26-8,050-002799,4580 CEMETERY RD,EFENDI Barber Studio,4558 Cemetery Road,Change of Use,B-2,Rejected by staff on 2/25/25 - incorrect application type,n/a
PZ-26-9,PZ-26-9,120-001332,,Brown Elementary School,2900 Walker Rd,"Conditional use & Level ""B"" Site Plan",DE,04/09/2026,4/27/2026 (26-R-44)
PZ-26-10,PZ-26-10,050-005422,3311 - 3315 MILL MEADOW DR,Fast Response,3311 Mill Meadow Dr,Sign variance - flag pole height,I-FE,Flag Poles: Denied 4/9/26 Grond sign: approved 4/9/26,n/a
PZ-26-11,PZ-26-11,City of Hilliard,,Zoning Code Amendment Chapters 1107 & 1123,n/a,Zoning Code Amendment - Conditional use approval process,n/a,03/12/2026,Tabled 4/13/2026 (Ord. 26-09)
PZ-26-12,PZ-26-12,VOID,,VOID,VOID,VOID,VOID,VOID,VOID
PZ-26-13,PZ-26-13,050-002799,4580 CEMETERY RD,Al Sindabad Café,4562 Cemetery Rd,Sign variance - wall sign,B-2,Denied 4/9/2026,n/a
PZ-26-14,PZ-26-14,050-010512,3993 COSGRAY RD,City of Hillilard,3993 Cosgray Rd,Lot split / deed transfer,PUD (Hilliard Recreation & Wellness Center),04/09/2026,n/a
PZ-26-15,PZ-26-15,050-004799,5462 N CENTER ST,Capital Church (Makoy Center),5462 Center St,Conditional use - place of worship,OH-RD,04/09/2026,5/26/2026 (26-R-45)
PZ-26-16,PZ-26-16,050-009383,3690 - 3720 LACON RD,Prepfunds Renovations,3700 Lacon Rd,Conditional use - outdoor storage,I-FE,04/09/2026,4/27/2026 (26-R-46)
PZ-26-17,PZ-26-17,050-010193,4770 RIVER RUN DR,Hupper property,4770 River Run Dr,Lot Split / Deed transfer,PUD (River Landings),04/09/2026,n/a
PZ-26-18,PZ-26-18,050-005144,4656 CEMETERY RD,Kroger,4656 Cemetery Rd,Sign variance - ground sign,B-2,Denied 5/14/2026,n/a
PZ-26-19,PZ-26-19,050-010598,4421 RIGGINS CT,Flex Office,4421 Riggins Court,"Level ""B"" Site Plan",I-FE,04/09/2026,n/a
PZ-26-20,PZ-26-20,050-002826,4920 SCIOTO DARBY RD,Avocado Latin Food,4920 Scioto Darby Rd,"Level ""B"" Site Plan - food truck",B-2,06/11/2026,n/a
PZ-26-21,PZ-26-21,VOID,,VOID,VOID,VOID,VOID,VOID,VOID
,PZ-26-22,VOID,,VOID,VOID,VOID,VOID,VOID,VOID
PZ-26-23,PZ-26-23,050-008255,ANSON DR,Britton Park Apartments,4451 Magnolia Way,Sign variance - ground sign,I-3,05/14/2026,n/a
PZ-26-24,PZ-26-24,050-012679,GENEROSITY WAY E,"Old Scratch Pizza - Truepointe Building ""F""",3998 Truepointe Blvd,Sign variance - wall signage,PUD (Soma Company),05/14/2026,n/a
PZ-26-25,PZ-26-25,050-012679,GENEROSITY WAY E,"Medley Kitchen - Truepointe Building ""G""",3986 Truepointe Blvd,"Level ""A"" Site Plan",PUD (Soma Company),4/14/2026 by staff,n/a
,PZ-26-26,VOID,,VOID,VOID,VOID,VOID,VOID,VOID
,PZ-26-27,VOID,,VOID,VOID,VOID,VOID,VOID,VOID
,PZ-26-28,VOID,,VOID,VOID,VOID,VOID,VOID,VOID
PZ-26-29,PZ-26-29,050-000096 050-000232 050-000105,4056 MAIN ST; MAIN ST,Westwood Collective (former Chase Bank site),4056 Main St,"Level ""B"" Site Plan and Conditional Use - Residential above non-residential & Restaurants > 2000 SF",OH-MD,07/09/2026,08/24/2026
PZ-26-30,PZ-26-30,050-000024,3900 LATTIMER ST,Moose Lodge,3898 Lattimer St,"Conditional use - Clubs, lodges & fraternal organizations",frank,05/14/2026,6/8/2026 (26-R-52)
PZ-26-31,PZ-26-31,050-011532,BARBEAU LN,City of Hillilard water tower,6445 Orangeberry Rd,Lot Split,PUD (The Estates at Hoffman Farms),06/11/2026,n/a
PZ-26-32,PZ-26-32,053-000616 053-000714,,Barrington School,2683 Alton Darby Rd,"HCD Development Plan Modification, Lot split & Level ""B"" Site Plan",HCD (Alton Place),06/11/2026,7/13/2026??
PZ-26-33,PZ-26-33,VOID,,VOID,VOID,VOID,VOID,VOID,VOID
PZ-26-34,PZ-26-34,050-002579,4896 SCIOTO DARBY RD,"S&Y Tire & Auto Repair, Ltd",4896 Scioto Darby Rd,Conditional use - Vehicle repair major & vehicle repair minor,B-2,07/09/2026,08/24/2026
PZ-26-35,PZ-26-35,multiple locations,,Red Cross Blood Drive,5462 Center St,Sign variance - temporary signs,OH-MD,Withdrawn 6/3/2026,n/a
PZ-26-36,PZ-26-36,050-000039 050-000227,3981 MAIN ST; 3981 - 3983 MAIN ST,Hookah Lounge,3981 Main St,"Level ""B"" Site Plan for parking expansion",OH-MD,07/09/2026,n/a
PZ-26-37,PZ-26-37,053-000616 053-000714,,Alton Place,6700 Roberts Road,HCD Modification,HCD (Alton Place),Withdrawn 8/13/2026,AUG?
PZ-26-38,PZ-26-38,053-001141,,Hill Farm II West Section 1,7500 Scioto Darby Rd,Final Plat (35 lots),HCD (Hill Farm II),07/09/2026,8/24/2026 (26-R-69)
PZ-26-39,PZ-26-39,053-000321,,"Hill Farm II East Section 2, Phase 1",4427 Elliott Rd,Final Plat (22 lots),HCD (Hill Farm II),07/09/2026,8/24/2026 (26-R-70)
PZ-26-40,PZ-26-40,050-002820 050-002821 050-002822 050-002824,4424 LACON CR; 3839 LACON CR; 3855 LACON RD; 4445 CEMETERY RD,Colorado Mountain Sports Phase 3 Mixed-Use,3855 Lacon Rd,PUD Concept Plan Modification,PUD (Cemetery Road Properties Between Leap & Lacon Roads),SEP,
,PZ-26-41,VOID,,VOID,VOID,VOID,VOID,VOID,VOID
PZ-26-42,PZ-26-42,050-011980,TRUEMAN BL UNIT BFK,Kenneth's - Truepointe (former Battelle for Kids),4525 Wathen Dr,Sign variance - illumination,PUD (Soma Company),Withdrawn 8/13/2026,n/a
PZ-26-43,PZ-26-43,050-000458,5006 CEMETERY RD,Snyder's Unlimited Contracting LLC,5006 Cemetery Rd,Sign variance - temporary sign extension,B-3,08/13/2026,n/a
PZ-26-44,PZ-26-44,050-005625,6500 SCIOTO DARBY RD,Square at Latham Apartments,4170 Green Clover Dr,Sign variance - illumination,PUD (Square at Latham Park),08/13/2026,n/a
PZ-26-45,PZ-26-45,053-000321,,Hill Farm II East Section 2 Phase 2,4427 Elliott Rd,Final Plat (19 lots),HCD (Hill Farm II),08/13/2026,09/14/2026
PZ-26-46,PZ-26-46,053-000321,,Hill Farm II East Section 2 Phase 3,4427 Elliott Rd,Final Plat (23 lots),HCD (Hill Farm II),08/13/2026,09/14/2026
PZ-26-47,PZ-26-47,050-002994,4402 WEAVER CT NORTH,The Training Collective,4402 Weaver Ct North,Conditional Use - Health & Fitness Facility (M-1 use),I-FE,08/13/2026,09/14/2026
PZ-26-48,PZ-26-48,050-008255,ANSON DR,"Anson Drive Partners, LLC property - Flex office",4480 Anson Dr,"Level ""B"" Site Plan",I-FE,SEP,n/a
PZ-26-49,PZ-26-49,050-008255,ANSON DR,"Anson Drive Partners, LLC property - Flex office",4480 Anson Dr,Lot Split / Deed transfer,I-FE,SEP,n/a
PZ-26-50,PZ-26-50,053-001141,,Hill Farm II West Section 2 Phase 1,7500 Scioto Darby Rd,Final Plat (20 lots),HCD (Hill Farm II),SEP,
PZ-26-51,PZ-26-51,053-001141,,Hill Farm II West Section 2 Phase 2,7500 Scioto Darby Rd,Final Plat (20 lots),HCD (Hill Farm II),SEP,
PZ-26-52,PZ-26-52,050-000217,4066 MAIN ST,Coffee Connections (Conrnerstone Christian Fellowship),4066 Main St,Old Hilliard District Plan - bread box & special event coffee bike display location,OH-MD,SEP,n/a
,PZ-26-53,VOID,,VOID,VOID,VOID,VOID,VOID,VOID
,PZ-26-54,VOID,,VOID,VOID,VOID,VOID,VOID,VOID
PZ-26-55,PZ-26-55,050-000034,4002 COLUMBIA ST,The Happy Closet Boutique / Birch Tree Home,4002 Columbia St,Conditional use - retail,OH-RD,SEP,SEP
PZ-26-56,PZ-26-56,050-002999,4579 SUTPHEN CT,Acetylene Products Corp.,4579 Sutphen Ct,"Level ""A"" Site Plan - accessory carport structure",I-FE,08/12/2026,n/a
PZ-26-57,PZ-26-57,,,,,,,,
PZ-26-58,PZ-26-58,,,,,,,,
PZ-26-59,PZ-26-59,,,,,,,,
PZ-26-60,PZ-26-60,,,,,,,,
